count,pt1_lat,pt1_lon,pt2_lat,pt2_lon
8355,20.8,-157.0,21.3,-157.9
4598,34.2,-118.5,36.1,-115.2
2767,33.7,-117.9,36.1,-115.2
2506,26.7,-80.1,40.9,-74.1
2429,26.7,-80.1,41.1,-73.7
2286,40.9,-74.1,42.5,-71.3
2213,51.1,-114.0,53.3,-113.6
2169,25.9,-80.3,40.9,-74.1
2107,40.9,-74.1,41.1,-73.7
2106,20.8,-156.9,21.3,-157.9
2034,34.2,-118.5,37.4,-121.9
1964,46.2,6.1,49.0,2.4
1922,33.6,-111.9,33.7,-117.9
1905,40.9,-74.1,42.4,-71.0
1903,34.2,-118.4,37.4,-121.9
1812,48.4,-89.3,50.1,-91.9
1799,26.7,-80.1,40.8,-74.1
1779,25.9,-80.3,26.7,-80.1
1775,33.7,-117.9,34.2,-118.5
1768,50.0,-110.7,51.1,-114.0
1723,34.2,-118.5,37.6,-122.4
1710,33.9,-118.4,36.1,-115.2
1707,41.1,-73.7,41.4,-70.6
1672,-27.4,153.1,-23.4,150.5
1652,40.8,-74.1,42.5,-71.3
1647,41.8,12.6,45.4,9.3
1645,33.6,-111.9,36.1,-115.2
1549,33.6,-111.9,34.2,-118.5
1520,40.8,-74.1,41.1,-73.7
1517,34.2,-118.5,40.9,-74.1
1512,-23.6,-46.7,-22.9,-43.2
1512,40.1,-83.1,42.1,-87.9
1502,42.4,-71.0,44.9,-74.8
1501,45.5,-73.4,46.8,-71.4
1494,25.9,-80.3,40.8,-74.1
1494,41.1,-73.7,41.2,-70.1
1460,46.6,-120.5,47.5,-122.3
1443,40.9,-74.1,43.7,-79.6
1434,40.8,-74.1,42.4,-71.0
1432,6.6,3.3,9.0,7.3
1403,29.6,-95.3,30.2,-97.7
1402,41.1,-73.7,42.5,-71.3
1400,43.7,-79.6,45.5,-73.7
1363,25.8,-80.3,26.7,-80.1
1361,37.0,-113.5,40.8,-112.0
1346,38.9,-77.4,40.9,-74.1
1322,33.6,-111.9,39.6,-104.9
1278,40.8,-115.8,40.8,-112.0
1269,26.4,-80.1,26.7,-80.1
1267,-32.1,115.9,-30.8,121.5
1255,34.2,-118.5,40.8,-112.0
1248,25.9,-100.2,25.9,-97.4
1242,34.2,-118.5,36.0,-115.1
1230,39.1,-108.5,39.6,-104.9
1226,46.2,6.1,49.0,2.5
1210,29.5,-98.5,29.6,-95.3
1194,-37.7,144.9,-34.2,142.1
1185,38.7,-77.5,40.4,-76.0
1174,26.7,-80.1,33.9,-84.3
1171,36.1,-115.2,40.8,-112.0
1170,34.2,-118.4,36.1,-115.2
1170,33.6,-86.8,33.9,-84.3
1166,34.2,-118.5,37.7,-122.2
1164,41.1,-73.7,42.4,-71.0
1158,-33.9,151.0,-32.2,148.6
1147,26.2,-80.2,26.7,-80.1
1138,-27.4,153.1,-25.3,152.9
1135,26.7,-80.1,27.2,-80.2
1131,33.7,-117.9,36.0,-115.1
1116,26.2,-81.8,26.7,-80.1
1113,33.4,-112.0,34.3,-110.0
1113,53.3,-113.6,55.2,-118.9
1111,43.7,7.2,46.2,6.1
1108,49.2,-123.2,50.0,-119.4
1106,-23.6,-46.7,-15.9,-47.9
1102,43.7,7.2,51.3,-0.8
1101,30.2,-97.7,32.8,-96.8
1100,40.8,-112.0,43.6,-116.2
1097,46.2,6.1,51.3,-0.8
1096,45.5,-73.7,46.8,-71.4
1082,49.2,-123.2,51.1,-114.0
1077,29.5,-98.5,30.2,-97.7
1073,26.7,-80.1,28.0,-82.5
1071,49.2,-123.2,53.9,-122.7
1067,39.6,-104.9,40.8,-112.0
1062,36.1,-115.2,37.4,-121.9
1057,32.7,-117.2,33.6,-111.9
1049,35.8,-84.0,36.1,-86.7
1041,30.2,-97.7,32.9,-96.9
1028,43.7,7.2,49.0,2.4
1026,33.6,-111.9,40.8,-112.0
1026,33.7,-117.9,37.4,-121.9
1013,33.7,-117.9,40.8,-112.0
1010,-41.3,174.8,-38.7,176.1
1009,42.5,-71.3,43.1,-70.8
1007,26.7,-80.1,42.5,-71.3
994,33.9,-118.4,34.2,-118.5
993,40.8,-112.0,43.5,-112.1
992,47.5,-122.3,49.2,-123.2
990,-14.5,132.4,-12.4,130.9
988,33.1,-117.3,36.1,-115.2
985,25.9,-100.2,29.5,-98.5
964,49.0,2.4,51.3,-0.8
955,25.9,-80.3,28.0,-82.5
952,29.6,-95.3,32.8,-96.8
938,30.2,-97.7,32.8,-97.4
937,-37.7,144.9,-36.1,147.0
935,31.6,-110.4,31.6,-110.3
929,34.2,-118.5,40.8,-74.1
921,41.1,-73.7,41.3,-70.1
918,32.7,-117.2,34.2,-118.5
912,4.7,-74.2,4.7,-74.1
904,25.8,-80.3,40.9,-74.1
903,32.7,-117.2,36.1,-115.2
903,44.9,-93.1,46.9,-96.8
896,38.9,-77.4,41.1,-73.7
894,25.9,-80.3,26.2,-80.2
890,41.1,-73.7,41.3,-70.0
889,25.8,-80.3,26.2,-80.2
882,45.6,-122.6,47.5,-122.3
880,37.4,-121.9,37.6,-122.4
879,32.1,-81.2,33.9,-84.3
878,34.2,-118.5,34.4,-119.8
870,38.9,-77.4,40.8,-74.1
862,40.7,-73.4,40.9,-74.1
860,41.1,-73.7,41.5,-73.1
858,35.0,-106.6,36.7,-108.2
856,-41.3,174.8,-39.5,176.9
856,40.9,-74.1,45.5,-73.7
855,47.5,-122.3,61.2,-150.0
852,40.9,-74.1,41.8,-87.8
846,61.2,-150.0,64.8,-147.9
844,35.0,-85.2,35.8,-84.0
843,33.1,-117.3,33.6,-111.9
841,25.9,-80.3,41.1,-73.7
835,51.4,-2.7,54.1,-3.3
831,38.7,-77.5,40.4,-79.9
823,33.8,-84.5,35.2,-80.9
822,37.4,-121.9,47.5,-122.3
821,26.7,-80.1,27.4,-82.6
820,34.2,-118.5,38.2,-122.3
817,33.6,-116.2,34.2,-118.5
816,51.3,-0.8,51.9,-0.4
815,32.3,-106.9,35.0,-106.6
809,34.4,-119.8,37.5,-122.2
809,34.2,-118.5,36.6,-121.8
807,36.1,-115.2,37.6,-122.4
807,30.2,-97.7,33.0,-96.8
803,31.3,-85.5,31.3,-85.4
803,33.9,-84.3,36.1,-86.7
800,36.9,-76.2,37.5,-77.3
799,39.9,-75.2,40.9,-74.1
797,-34.9,138.5,-34.6,135.9
793,40.9,-74.1,42.1,-87.9
792,38.9,-77.5,40.9,-74.1
789,26.1,-80.2,26.7,-80.1
785,33.1,-117.3,34.2,-118.5
781,26.2,-98.2,29.5,-98.5
781,45.5,-73.7,45.5,-73.4
779,34.4,-119.8,37.4,-121.9
776,42.4,-71.0,42.5,-71.3
771,51.3,-0.8,54.1,-3.3
770,40.9,-74.1,42.7,-83.4
768,-37.9,147.6,-37.7,144.9
765,60.8,-161.8,61.2,-150.0
765,44.8,-93.5,44.9,-93.1
764,49.0,2.4,51.9,-0.4
763,29.5,-98.5,29.6,-95.7
760,40.8,-74.1,43.7,-79.6
757,38.7,-90.6,39.1,-94.6
750,33.6,-88.4,33.7,-88.5
747,35.2,-80.9,35.9,-78.8
746,33.9,-84.3,40.9,-74.1
744,45.4,9.3,49.0,2.4
744,40.8,-112.0,43.6,-110.7
742,33.4,-112.0,33.7,-117.9
741,33.9,-81.1,35.4,-80.7
736,33.6,-111.9,36.1,-115.1
734,39.3,-106.9,39.6,-104.9
734,43.7,7.2,51.9,-0.4
731,50.0,-119.4,51.1,-114.0
724,41.4,-70.6,42.5,-71.3
721,33.4,-112.0,34.2,-118.5
720,29.6,-95.3,32.8,-97.4
718,26.7,-80.1,40.8,-74.4
712,34.2,-118.5,47.5,-122.3
712,40.9,-74.1,41.4,-70.6
710,40.7,-73.4,41.1,-73.7
709,26.1,-81.8,26.7,-80.1
705,33.7,-117.9,36.6,-121.8
704,-33.9,151.0,-32.8,151.8
701,33.7,-117.9,36.8,-119.7
700,25.9,-80.3,26.4,-80.1
698,-38.3,142.4,-37.7,144.9
692,-23.6,-46.7,-19.9,-43.9
692,26.2,-98.2,27.8,-97.5
691,45.6,-122.6,45.7,-119.0
688,31.2,-81.4,33.9,-84.3
688,49.0,2.4,51.3,0.0
688,45.8,-108.5,47.7,-104.2
688,26.7,-80.1,40.7,-73.4
688,45.4,9.3,46.2,6.1
686,36.1,-115.2,39.5,-119.8
685,29.6,-95.3,32.9,-96.9
685,40.8,-74.4,41.1,-73.7
685,25.9,-80.3,28.4,-81.3
684,43.6,-96.7,44.8,-93.5
681,26.7,-80.1,39.9,-75.2
678,25.9,-80.3,33.9,-84.3
676,29.6,-95.3,32.8,-96.9
675,46.2,6.1,51.9,-0.4
675,26.1,-80.2,28.0,-82.5
673,26.7,-80.1,42.7,-83.4
673,39.1,-94.6,39.6,-104.9
672,38.9,-77.5,40.8,-74.1
672,38.3,-104.5,39.9,-104.7
671,34.7,-92.2,36.2,-94.1
670,40.7,-73.4,40.8,-74.1
669,33.8,-116.5,34.2,-118.5
668,33.1,-117.3,33.7,-117.9
667,33.7,-117.9,39.6,-104.9
667,33.6,-111.9,33.9,-118.4
666,35.2,-80.9,40.9,-74.1
666,33.9,-84.3,35.2,-80.9
663,26.7,-80.1,28.4,-81.3
663,25.8,-80.3,40.8,-74.1
660,33.7,-117.9,37.6,-122.4
658,26.4,-80.1,40.9,-74.1
656,34.2,-118.5,36.1,-115.1
655,50.9,7.1,52.4,13.5
655,39.2,-76.7,40.9,-74.1
653,36.3,-97.9,36.4,-97.9
650,33.6,-111.9,36.0,-115.1
648,60.6,-151.2,61.2,-150.0
646,41.2,-70.1,42.5,-71.3
646,33.4,-112.0,33.6,-111.9
639,40.5,-3.6,41.3,2.1
638,41.3,-95.9,41.8,-87.8
635,51.1,-114.0,52.2,-106.7
635,50.4,-104.7,52.2,-106.7
635,35.9,-78.8,40.9,-74.1
632,29.5,-98.5,32.8,-96.8
628,32.6,-117.0,33.7,-117.9
628,29.6,-95.7,30.2,-97.7
626,43.7,7.2,45.4,9.3
626,26.7,-80.1,28.5,-81.3
624,29.5,-98.5,32.9,-96.9
624,-34.0,18.6,-25.9,27.9
620,-34.9,-55.1,-34.5,-58.6
618,32.1,-110.9,33.6,-111.9
617,48.6,-123.4,49.2,-123.2
615,32.8,-97.4,33.7,-101.8
614,40.0,-82.9,40.9,-74.1
611,29.5,-98.5,33.0,-96.8
610,44.8,-93.5,46.9,-96.8
608,41.8,-87.8,42.7,-83.4
606,34.2,-118.5,39.6,-104.9
606,41.8,-87.8,42.1,-87.9
605,33.7,-117.9,33.9,-118.4
604,-43.5,172.5,-41.6,173.9
603,45.8,-111.2,47.5,-122.3
596,43.7,7.2,49.0,2.5
596,25.9,-80.3,28.5,-81.3
596,26.7,-80.1,27.9,-82.7
595,45.5,-122.9,47.5,-122.3
594,33.6,-111.9,37.4,-121.9
592,33.9,-84.3,35.9,-78.8
592,49.4,-2.6,52.8,-1.3
590,53.3,-2.8,54.1,-4.6
587,33.4,-112.0,36.1,-115.2
587,49.0,2.5,51.3,-0.8
585,38.8,-104.7,39.6,-104.9
585,39.5,-107.7,39.6,-104.9
585,38.7,-121.4,40.5,-122.3
585,33.8,-116.5,36.1,-115.2
584,32.7,-117.2,33.7,-117.9
584,-6.3,106.9,1.4,103.9
583,39.6,-104.9,39.9,-105.1
583,32.7,-117.2,37.4,-121.9
581,40.8,-74.4,40.9,-74.1
581,26.7,-80.1,36.1,-86.7
581,46.2,6.1,47.5,8.6
577,25.9,-80.3,34.2,-118.5
577,34.2,-118.5,38.5,-122.8
576,43.9,-92.5,44.8,-93.5
576,26.7,-80.1,38.9,-77.4
576,25.9,-80.3,26.2,-81.8
575,25.9,-80.3,27.4,-82.6
573,21.8,-72.3,25.9,-80.3
571,49.1,-123.9,49.2,-123.2
570,49.2,-2.2,51.3,-0.8
568,40.8,-74.1,42.7,-83.4
566,32.8,-97.4,33.0,-96.8
566,-33.9,151.0,-33.4,149.1
566,31.9,-102.2,32.8,-97.4
564,43.7,7.2,51.3,0.0
564,43.7,-79.6,45.3,-75.7
563,26.7,-80.1,43.7,-79.6
563,46.3,-119.1,47.5,-122.3
563,25.8,-80.3,41.1,-73.7
559,40.8,-72.6,40.9,-74.1
558,60.2,11.1,60.3,5.2
558,31.1,-81.4,33.9,-84.3
557,39.9,-75.2,40.8,-74.1
555,34.2,-119.1,34.2,-118.5
554,29.5,-98.5,32.8,-97.4
554,40.8,-74.1,41.8,-87.8
551,26.2,-80.2,28.0,-82.5
547,36.1,-115.2,37.7,-122.2
547,36.1,-115.2,39.6,-104.9
546,33.9,-118.3,37.3,-120.5
545,29.6,-95.3,33.0,-96.8
544,26.7,-80.1,30.5,-81.7
544,36.6,-121.8,37.4,-121.9
544,52.2,-106.7,53.3,-113.6
544,26.7,-80.1,35.2,-80.9
541,33.7,-117.9,37.7,-122.2
540,39.5,-119.8,40.8,-112.0
539,37.6,-122.4,47.5,-122.3
539,40.8,-74.1,41.4,-70.6
538,33.9,-84.3,40.8,-74.1
537,36.1,-86.7,40.9,-74.1
536,34.7,-92.2,36.0,-94.2
535,25.8,-80.3,25.9,-80.3
535,34.2,-118.5,36.8,-119.7
532,39.9,-75.2,41.1,-73.7
530,26.7,-80.1,42.4,-71.0
530,33.9,-118.4,37.4,-121.9
528,40.8,-74.1,45.5,-73.7
528,26.7,-80.1,27.7,-80.4
527,33.1,-117.3,36.0,-115.1
526,-23.6,-46.7,-23.4,-46.5
526,37.4,-121.9,39.5,-119.8
525,46.2,6.1,51.3,0.0
525,36.7,-4.5,40.5,-3.6
524,39.5,-119.8,40.8,-115.8
522,33.7,-117.9,38.2,-122.3
522,52.8,-1.3,54.1,-3.3
522,51.3,-0.8,51.3,0.0
521,40.2,-111.7,40.8,-112.0
520,33.6,-111.9,35.1,-111.7
518,37.4,-121.9,37.7,-122.2
517,37.4,-121.9,40.8,-112.0
517,39.1,-108.5,40.8,-112.0
516,30.2,-97.7,34.2,-118.5
515,33.6,-86.7,33.9,-84.3
514,47.5,-122.3,47.9,-122.3
514,36.0,-79.5,40.8,-74.4
513,-34.6,-58.4,-34.5,-58.6
513,49.0,2.5,51.9,-0.4
512,33.4,-112.0,40.8,-112.0
511,41.1,-73.7,41.5,-74.1
510,34.2,-118.4,37.7,-122.2
509,34.4,-119.8,36.1,-115.2
509,51.3,-0.8,53.4,-6.3
506,40.8,-74.1,42.1,-87.9
505,35.9,-78.8,41.1,-73.7
504,40.9,-74.1,41.9,-72.7
503,26.7,-80.1,29.6,-95.3
502,-23.6,-46.7,-19.8,-44.0
502,28.0,-82.5,33.9,-84.3
502,46.8,-100.8,46.9,-96.8
502,35.8,-84.0,36.2,-86.9
501,-37.7,144.9,-34.0,151.2
500,40.8,-72.6,41.1,-73.7
499,43.6,-116.2,47.5,-122.3
497,-12.4,130.8,-12.4,130.9
497,26.7,-80.1,38.9,-77.5
497,47.5,-122.3,47.7,-117.3
495,40.9,-74.1,41.5,-73.1
494,29.5,-98.5,32.8,-96.9
494,43.5,-114.3,47.5,-122.3
494,39.6,-104.9,42.9,-106.5
494,41.3,-70.1,42.5,-71.3
494,33.7,-117.9,35.4,-119.1
491,33.7,-117.9,34.4,-119.8
490,49.2,-123.2,60.7,-135.1
489,-25.5,-49.2,-23.6,-46.7
489,38.9,-77.5,41.1,-73.7
486,40.8,-74.1,41.2,-70.1
486,39.7,-86.3,42.7,-83.4
485,26.2,-80.2,28.5,-81.3
485,60.2,11.1,63.5,10.9
484,33.6,-111.9,34.2,-118.4
481,25.8,-80.3,28.0,-82.5
481,43.6,-96.7,46.9,-96.8
481,40.9,-74.1,41.2,-70.1
481,33.9,-118.4,37.6,-122.4
480,40.8,-112.0,47.5,-122.3
480,31.3,-85.4,31.4,-85.5
479,26.2,-80.2,26.4,-80.1
477,51.3,0.0,51.9,-0.4
477,1.4,103.9,3.1,101.5
476,34.2,-118.5,45.8,-111.2
476,47.5,-122.3,47.6,-117.5
475,51.3,0.0,52.3,4.8
475,34.2,-118.4,37.6,-122.4
474,35.0,-106.6,39.6,-104.9
474,33.7,-117.9,33.8,-116.5
472,39.2,-106.9,39.6,-104.9
472,41.1,-73.7,43.1,-70.8
471,47.7,9.5,51.3,6.8
470,26.7,-80.1,35.9,-78.8
469,34.4,-119.8,37.6,-122.4
469,26.4,-80.1,40.8,-74.1
469,33.6,-111.9,47.5,-122.3
467,35.9,-78.8,40.8,-74.1
467,1.4,103.9,22.3,113.9
467,45.4,9.3,51.3,-0.8
466,33.6,-111.9,51.1,-114.0
466,45.5,-123.0,47.5,-122.3
464,-34.9,138.5,-33.2,138.0
464,43.6,-96.7,44.9,-93.1
463,48.2,17.2,50.1,14.3
463,36.1,-115.2,37.3,-120.5
463,33.6,-116.2,33.7,-117.9
461,43.6,-96.7,44.0,-103.1
460,26.1,-80.2,40.9,-74.1
458,-43.5,172.5,-37.0,174.8
457,40.5,-80.2,40.9,-74.1
457,-37.7,144.9,-33.9,151.0
457,44.8,-0.7,49.0,2.4
457,-39.5,176.9,-37.0,174.8
456,25.0,-77.5,26.7,-80.1
456,-34.9,138.5,-33.1,137.5
455,-37.7,144.9,-36.7,142.2
455,30.4,-85.8,33.9,-84.3
454,30.2,-97.7,33.6,-111.9
453,49.2,-123.2,53.3,-113.6
452,29.6,-95.7,32.9,-96.9
452,58.9,5.6,60.2,11.1
451,40.8,-74.4,40.8,-74.1
450,36.1,-86.7,39.7,-86.3
449,41.1,-73.7,41.7,-70.3
448,41.1,-73.7,43.7,-79.6
447,51.3,-0.8,52.3,4.8
447,37.7,-122.2,40.8,-112.0
446,32.1,-110.9,33.4,-112.0
445,37.7,-122.2,39.5,-119.8
445,47.2,-119.3,47.5,-122.3
445,34.2,-118.5,34.2,-118.4
444,34.3,-77.9,35.9,-78.8
444,43.5,-112.1,43.6,-110.7
444,34.2,-118.5,35.4,-119.1
444,33.9,-84.3,35.8,-84.0
443,40.3,-79.4,40.5,-80.2
442,43.5,-112.1,43.6,-116.2
442,33.8,-84.5,33.9,-84.3
442,40.9,-96.8,41.3,-95.9
442,28.5,-81.3,33.9,-84.3
442,39.2,-76.7,40.8,-74.1
442,33.7,-117.9,33.8,-118.1
441,26.7,-80.1,32.9,-80.0
441,39.6,-104.9,41.3,-95.9
440,33.1,-117.3,40.8,-112.0
440,45.4,9.3,49.0,2.5
440,18.0,-62.9,18.4,-66.0
440,32.9,-80.0,33.9,-84.3
440,26.2,-80.2,30.5,-81.7
439,-41.3,174.8,-40.0,175.0
439,34.2,-118.5,39.5,-119.8
438,29.6,-95.7,31.9,-102.2
438,21.8,-72.3,26.7,-80.1
438,39.9,-75.2,42.4,-71.0
437,-32.8,151.8,-31.1,150.8
436,40.0,-82.9,40.8,-74.1
436,40.8,-112.0,45.8,-108.5
436,33.7,-117.9,36.1,-115.1
436,33.7,-117.9,47.5,-122.3
436,40.4,-76.0,40.9,-74.1
435,35.4,-80.7,35.9,-78.8
435,33.1,-117.3,37.4,-121.9
434,29.6,-95.3,40.9,-74.1
434,25.0,-77.5,25.9,-80.3
434,33.6,-111.9,41.3,-95.9
432,25.9,-100.2,29.6,-95.3
432,39.1,-84.4,40.9,-74.1
432,49.9,-97.2,53.8,-101.2
431,30.4,-85.8,36.1,-86.7
429,41.1,-73.7,41.8,-87.8
429,44.1,-121.2,45.6,-122.6
429,40.9,-74.1,42.9,-78.7
428,49.4,-2.6,51.0,-1.4
428,36.1,-115.2,47.5,-122.3
427,44.9,-63.5,45.3,-65.9
424,35.2,-80.9,40.8,-74.1
423,36.0,-79.5,37.5,-77.3
423,45.3,-65.9,46.1,-64.7
422,37.5,-122.2,39.3,-120.2
422,40.9,-74.1,41.3,-70.0
421,21.7,39.1,25.0,46.7
421,42.9,-85.5,44.7,-85.6
421,38.3,-104.5,39.8,-104.7
421,32.7,-114.6,36.7,-121.6
420,49.9,-97.2,53.3,-113.6
419,30.2,-97.7,32.8,-96.9
419,30.2,-97.7,40.9,-74.1
419,49.4,-2.6,50.8,-1.8
418,36.1,-79.5,36.9,-76.2
418,1.4,103.9,13.9,100.6
417,26.7,-80.1,42.1,-87.9
416,-23.8,133.9,-23.8,133.9
416,25.9,-80.3,27.2,-80.2
415,33.6,-111.9,43.6,-110.7
413,49.2,-2.2,51.8,-1.3
413,26.7,-80.1,32.1,-81.2
412,33.6,-111.9,34.4,-119.8
411,33.1,-117.3,33.4,-112.0
410,51.9,-0.4,52.3,4.8
408,41.1,-73.7,41.9,-72.7
408,39.1,-84.4,40.0,-82.9
408,49.9,-97.2,51.1,-114.0
407,26.4,-80.1,40.8,-74.4
407,41.3,-95.9,41.8,-87.7
407,48.4,11.8,52.4,13.5
407,57.7,12.3,59.4,17.9
407,46.3,-119.3,47.5,-122.3
405,40.3,-74.8,40.9,-74.1
405,43.5,7.0,49.0,2.4
405,37.6,-122.4,37.7,-122.2
404,34.2,-118.5,39.5,-107.7
403,39.6,-104.9,43.6,-110.7
402,32.7,-117.2,37.6,-122.4
402,68.5,16.7,69.7,18.9
402,42.1,-87.9,42.7,-83.4
401,-37.7,144.9,-33.9,151.2
401,39.6,-106.9,39.6,-104.9
401,26.2,-80.2,40.9,-74.1
401,25.9,-80.3,27.9,-82.7
400,33.6,-111.9,33.8,-116.5
400,47.5,8.6,49.0,2.4
399,-33.9,151.2,-32.2,148.6
399,39.9,-75.2,42.5,-71.3
399,40.3,-74.8,41.1,-73.7
398,41.3,-70.0,42.5,-71.3
398,17.9,-63.0,18.5,-65.9
398,-19.2,146.8,-16.9,145.7
398,34.2,-118.5,43.6,-110.7
397,40.9,-74.1,41.5,-74.1
397,32.2,-80.7,33.9,-84.3
396,26.2,-80.2,33.9,-84.3
396,41.8,12.6,43.7,7.2
395,49.0,2.5,51.3,0.0
395,26.4,-80.1,41.1,-73.7
395,34.2,-118.5,37.4,-122.0
395,32.7,-117.2,34.2,-118.4
395,35.9,-78.8,36.1,-79.9
394,26.7,-80.1,40.8,-72.6
394,32.0,-102.1,32.8,-97.4
394,43.6,7.2,46.2,6.1
394,40.8,-74.1,40.8,-72.6
394,33.8,-116.5,51.1,-114.0
394,25.9,-80.3,43.7,-79.6
393,43.7,-79.6,49.9,-97.2
393,40.9,-74.1,43.7,-79.7
393,26.2,-81.8,26.4,-80.1
392,33.1,-117.3,33.9,-118.4
392,32.7,-117.2,33.9,-118.4
391,37.6,-122.4,39.5,-119.8
390,34.2,-118.5,39.3,-106.9
389,37.6,-122.4,40.8,-112.0
389,36.8,-119.7,37.4,-121.9
388,46.8,-71.4,58.1,-68.4
388,33.6,-86.8,36.1,-86.7
388,26.2,-80.2,27.4,-82.6
387,21.3,-157.9,22.0,-159.3
387,40.9,9.5,45.4,9.3
387,30.2,-97.7,39.6,-104.9
386,27.8,-97.5,29.6,-95.7
386,34.0,-84.0,36.2,-86.9
386,47.4,-120.2,47.5,-122.3
386,48.7,9.2,52.4,13.5
386,40.8,-74.4,42.5,-71.3
385,36.1,-115.1,40.8,-112.0
385,33.7,-117.9,38.5,-122.8
384,21.8,-72.3,26.2,-80.2
384,33.4,-112.0,39.6,-104.9
384,49.2,-123.2,49.9,-119.4
384,-34.9,138.5,-32.5,137.7
383,33.6,-116.2,47.5,-122.3
382,43.3,-100.9,44.0,-103.1
381,29.6,-95.3,30.0,-90.0
380,29.7,-95.3,30.2,-97.7
380,-43.5,172.5,-41.6,174.0
380,37.7,-97.4,39.1,-94.6
380,36.1,-79.5,39.0,-77.5
379,38.4,-81.6,40.1,-83.1
379,33.6,-116.2,33.6,-111.9
379,41.1,-73.7,41.4,-73.5
379,46.2,6.1,47.5,8.5
379,28.0,-82.5,30.5,-81.7
379,43.1,-77.7,43.1,-76.1
379,32.7,-80.0,33.9,-84.3
378,25.9,-100.2,26.2,-98.2
378,33.7,-117.9,34.2,-118.4
378,39.6,-104.9,45.8,-111.2
378,33.9,-84.3,34.0,-84.6
378,27.2,-80.2,41.1,-73.7
378,36.1,-86.7,40.8,-74.1
378,41.3,-95.9,42.1,-87.9
378,-21.2,149.2,-19.3,146.8
377,34.2,-118.5,37.7,-122.1
377,37.5,-77.3,40.9,-74.1
376,40.9,-74.1,41.7,-70.3
376,43.6,-116.2,46.3,-119.1
375,32.7,-114.6,33.4,-112.0
375,43.5,7.0,46.2,6.1
375,43.6,-110.7,45.8,-111.2
374,32.9,-80.0,35.2,-80.9
374,37.4,-121.9,40.9,-74.1
374,43.6,7.2,51.3,-0.8
373,-12.4,130.9,-12.4,130.9
372,36.1,-79.5,40.1,-83.1
372,45.6,-122.6,45.7,-119.2
372,-33.4,115.7,-32.1,115.9
372,32.0,34.9,34.9,33.6
371,40.9,-74.1,43.1,-77.7
371,43.2,6.5,46.2,6.1
371,38.9,-77.4,42.4,-71.0
371,26.2,-80.2,27.9,-82.7
370,39.2,-76.7,41.1,-73.7
370,53.6,10.0,54.9,8.3
370,49.0,2.4,52.3,4.8
370,21.7,39.2,25.0,46.7
369,35.2,-80.9,41.1,-73.7
369,30.0,-90.3,32.3,-90.1
369,33.4,-112.0,34.2,-118.4
368,36.1,-86.7,38.2,-85.7
368,40.9,-74.1,43.1,-70.8
367,29.6,-95.7,32.8,-96.8
367,25.1,-77.5,26.7,-80.1
366,43.7,7.2,47.5,8.6
366,43.6,7.2,49.0,2.4
365,26.1,-80.2,26.2,-80.2
365,43.6,-116.2,44.9,-116.1
364,33.6,-111.9,36.6,-121.8
364,-27.4,153.1,-25.0,152.4
364,33.8,-116.5,47.5,-122.3
364,27.2,-80.2,33.9,-84.3
364,25.8,-80.3,26.2,-81.8
364,42.7,-83.4,42.9,-85.5
363,26.2,-81.8,26.2,-80.2
363,-34.0,151.2,-32.8,151.8
363,39.0,-77.5,40.9,-74.1
362,30.5,-81.7,33.9,-84.3
362,35.4,-80.7,36.0,-79.5
362,38.9,-77.4,42.5,-71.3
361,39.9,-104.7,42.8,-103.1
361,60.6,-151.3,61.2,-150.0
360,35.0,-106.6,35.5,-108.8
360,47.5,8.6,51.3,-0.8
359,37.4,-121.9,43.6,-110.7
359,36.0,-115.1,40.1,-111.7
358,-37.7,144.9,-34.9,138.5
358,42.7,-83.4,44.7,-85.6
358,29.5,-98.5,31.8,-106.4
358,41.1,-73.7,43.6,-72.3
358,40.4,-79.9,40.9,-74.1
358,40.0,-82.9,41.1,-73.7
357,36.7,-4.5,51.3,-0.8
357,-27.6,153.0,-26.6,153.1
357,26.4,-80.1,28.0,-82.5
356,41.2,-70.1,42.4,-71.0
356,49.2,-2.2,51.3,0.0
356,39.6,-104.9,45.8,-108.5
356,45.6,-122.6,45.7,-119.1
356,41.4,-70.6,42.4,-71.0
355,36.9,-76.2,40.9,-74.1
354,26.7,-80.1,28.3,-81.4
354,40.9,-74.1,41.3,-70.1
353,44.8,-93.5,45.1,-93.2
353,19.1,72.9,28.5,77.1
353,25.0,-77.5,26.2,-80.2
352,28.0,-82.5,28.5,-81.3
352,32.9,-96.9,34.7,-92.2
352,48.4,-89.3,48.6,-81.4
352,25.8,-80.3,26.4,-80.1
351,33.1,-117.3,36.6,-121.8
351,34.2,-118.5,41.1,-73.7
351,41.1,-73.7,42.9,-78.7
351,-35.2,147.5,-33.9,151.0
350,26.4,-80.1,33.9,-84.3
350,43.7,-79.6,44.9,-63.5
349,36.1,-115.2,38.2,-122.3
349,30.2,-97.7,32.9,-96.8
348,-32.8,151.8,-30.3,153.1
348,36.1,-86.7,41.8,-87.8
348,36.6,-121.8,36.8,-119.7
347,40.8,-112.0,41.2,-112.0
347,37.4,-121.9,43.6,-116.2
347,32.7,-117.2,33.4,-112.0
347,26.7,-80.1,36.9,-76.2
347,41.3,-95.9,41.5,-93.7
347,33.9,-84.3,34.0,-84.0
347,49.0,2.4,51.6,-0.4
347,-38.0,144.5,-37.7,144.9
346,40.8,-74.1,41.5,-73.1
346,49.2,-2.2,50.8,-1.8
346,50.1,19.8,52.2,21.0
346,39.1,-94.6,39.1,-84.4
345,-34.9,138.5,-34.2,140.6
345,40.9,-74.1,41.7,-71.4
345,25.9,-80.3,26.1,-80.2
345,37.7,-122.2,47.5,-122.3
345,25.6,-80.4,26.7,-80.1
344,32.8,-96.8,33.6,-111.9
344,36.1,-115.2,36.6,-121.8
344,40.9,-74.1,51.9,-0.4
344,39.1,-94.6,41.3,-95.9
343,37.2,27.8,41.0,28.8
343,26.1,-80.2,40.8,-74.1
342,32.1,-110.9,34.2,-118.5
341,26.2,-81.8,28.0,-82.5
341,26.2,-81.8,33.9,-84.3
341,-19.3,146.8,-16.9,145.7
340,37.6,-122.4,40.9,-74.1
339,40.8,-112.0,45.8,-111.2
339,38.5,-107.9,39.6,-104.9
339,50.0,-119.4,53.3,-113.6
338,32.1,-81.2,33.8,-84.5
338,32.8,-97.4,32.8,-96.8
337,25.9,-80.3,30.5,-81.7
337,32.6,-117.0,34.2,-118.5
337,46.2,6.1,50.9,4.5
337,33.8,-116.5,49.2,-123.2
337,33.9,-84.3,41.1,-73.7
336,29.5,-98.5,29.7,-95.3
336,38.7,-90.7,39.1,-94.6
335,26.7,-80.1,32.7,-80.0
335,40.7,-73.4,42.5,-71.3
335,36.0,-115.1,39.5,-119.8
335,38.9,1.4,41.3,2.1
335,36.1,-115.2,40.9,-74.1
335,40.5,-80.2,40.8,-74.1
334,39.7,-86.3,41.8,-87.8
334,41.1,-73.7,43.1,-77.7
334,26.7,-80.1,34.2,-118.5
334,40.8,-74.1,42.9,-78.7
333,45.4,9.3,51.9,-0.4
333,32.8,-97.4,32.9,-96.9
333,38.0,-107.9,39.6,-104.9
333,25.9,-80.3,28.3,-81.4
332,29.6,-95.7,32.8,-97.4
332,34.2,-119.1,36.1,-115.2
331,44.9,-63.5,46.1,-64.7
331,-41.3,174.8,-37.0,174.8
331,45.4,9.3,51.3,0.0
331,45.6,-122.6,45.7,-118.9
330,34.4,-119.8,37.7,-122.2
330,35.0,-85.2,36.1,-86.7
329,27.4,-82.6,28.0,-82.5
329,33.9,-84.3,36.2,-86.9
329,29.6,-95.3,36.2,-95.9
329,-37.7,144.9,-36.5,145.4
329,40.9,-74.1,41.8,-87.7
329,33.9,-118.4,40.8,-112.0
328,45.8,-111.2,45.8,-108.5
328,25.9,-80.3,40.7,-73.4
328,40.8,-74.1,41.9,-72.7
328,37.4,-121.9,39.6,-104.9
328,28.0,-82.5,40.9,-74.1
327,31.8,-106.4,33.7,-101.8
327,26.7,-80.1,41.8,-87.8
327,49.6,-112.8,51.1,-114.0
327,43.7,-79.7,45.5,-73.7
327,28.6,-100.5,29.5,-98.5
327,41.1,-73.7,42.1,-87.9
326,51.9,-0.4,53.4,-6.3
326,36.2,-95.9,39.6,-104.9
326,35.3,-3.0,36.7,-4.5
326,33.6,-111.9,37.6,-122.4
326,35.6,-106.1,39.6,-104.9
326,43.7,-79.6,45.5,-73.4
325,32.1,-110.9,33.7,-117.9
325,33.3,-111.7,33.6,-111.9
324,30.2,-97.7,36.1,-115.2
324,42.2,-83.5,42.7,-83.4
324,34.0,-118.5,35.4,-119.1
323,34.4,-119.8,37.5,-122.3
323,27.2,-80.2,40.9,-74.1
323,35.0,-106.6,35.6,-106.1
323,33.4,-112.0,35.0,-106.6
322,26.7,-80.1,30.2,-97.7
322,33.8,-116.5,37.4,-121.9
322,46.2,6.1,51.6,-0.4
322,33.6,-111.9,42.1,-87.9
322,40.4,-79.9,43.1,-78.9
322,33.7,-117.9,39.5,-119.8
322,29.6,-95.3,39.6,-104.9
322,26.2,-97.6,27.8,-97.5
321,26.2,-81.8,27.4,-82.6
321,39.1,-84.4,41.8,-87.8
321,25.9,-80.3,42.5,-71.3
320,38.0,-122.1,39.5,-119.8
320,48.7,9.2,52.3,10.6
320,41.8,12.6,46.2,6.1
320,46.2,6.1,49.6,6.2
319,20.5,-103.3,20.7,-105.3
319,40.0,-82.9,41.8,-87.8
319,25.8,-80.3,33.9,-84.3
319,40.3,-74.8,42.5,-71.3
319,32.1,-81.2,35.9,-78.8
319,42.9,-78.7,43.7,-79.6
319,33.4,-112.0,36.0,-115.1
318,26.1,-80.1,28.0,-82.5
318,25.8,-80.3,28.4,-81.3
318,-27.5,151.9,-27.4,153.1
318,53.9,-122.7,56.2,-120.7
318,36.0,-115.1,40.8,-112.0
317,33.8,-116.5,33.9,-118.4
317,39.6,-104.9,40.9,-74.1
317,35.2,-80.9,42.5,-71.3
317,40.8,-73.9,42.5,-71.3
317,27.9,-82.7,28.0,-82.5
317,30.2,-97.7,31.9,-102.2
316,41.8,12.6,51.3,-0.8
316,33.9,-118.4,40.9,-74.1
316,32.9,-80.0,35.9,-78.8
316,64.1,-21.9,65.5,-23.5
316,41.8,12.6,45.2,7.6
316,-30.0,-51.2,-23.6,-46.7
316,47.8,13.0,48.1,16.6
315,52.2,21.0,52.4,16.8
315,41.9,-72.7,42.5,-71.3
314,43.5,-114.3,43.6,-116.2
314,32.1,-81.2,33.9,-81.1
314,46.2,6.1,52.3,4.8
314,41.8,-87.8,41.9,-88.3
313,36.3,-119.4,36.8,-119.7
313,39.6,-104.9,47.5,-122.3
313,32.8,-97.4,39.6,-104.9
313,54.7,-6.2,55.0,-1.7
313,26.4,-80.1,39.9,-75.2
313,24.9,55.2,25.0,46.7
312,44.8,-0.7,49.0,2.5
312,33.8,-84.5,40.9,-74.1
312,19.3,-81.4,26.2,-80.2
312,33.6,-116.2,36.1,-115.2
312,26.1,-80.2,28.4,-81.3
311,47.5,-122.3,47.8,-116.8
311,35.9,-78.8,36.1,-86.7
311,40.3,-74.8,40.8,-74.1
311,48.4,-89.3,49.9,-97.2
310,39.3,-106.9,39.5,-107.7
310,33.9,-84.3,38.9,-77.5
309,48.6,-123.4,51.1,-114.0
309,26.2,-81.8,42.1,-87.9
309,29.6,-95.7,29.6,-95.3
308,38.0,-107.9,38.5,-107.9
308,31.4,-100.5,32.8,-97.4
308,33.7,-117.9,35.2,-120.6
308,-32.8,151.8,-31.4,152.9
308,43.5,-80.4,43.7,-79.6
308,46.3,-119.3,47.7,-117.3
308,26.2,-81.8,41.1,-73.7
308,37.4,-121.9,38.2,-122.3
307,-43.5,172.5,-42.5,171.2
307,37.0,-8.0,51.3,-0.8
307,63.8,20.3,65.5,22.1
307,39.1,-84.4,40.8,-74.1
307,-35.7,137.5,-34.9,138.5
307,35.2,-79.0,36.8,-76.0
307,37.6,-122.4,43.6,-110.7
307,41.1,-73.7,45.5,-73.7
306,-34.8,-55.1,-34.5,-58.6
306,27.7,-80.4,41.1,-73.7
306,40.8,-74.1,43.1,-77.7
306,40.9,14.3,45.4,9.3
306,36.6,-121.8,37.6,-122.4
306,34.2,-118.5,39.2,-106.9
305,30.4,-86.5,33.9,-84.3
305,33.6,-111.9,35.0,-106.6
305,43.1,-70.8,43.2,-71.5
304,26.4,-80.1,40.7,-73.4
304,37.5,-77.3,38.9,-77.5
304,42.5,-71.3,44.8,-68.8
303,-23.6,-46.7,-16.6,-49.2
303,-21.2,149.2,-19.2,146.8
303,26.2,-81.8,27.2,-80.2
303,33.6,-111.9,35.6,-106.1
303,12.1,-68.3,12.2,-69.0
303,34.0,-118.4,34.2,-118.5
303,-27.6,153.0,-27.5,151.9
303,43.3,-100.9,43.6,-96.7
302,57.2,-2.2,59.0,-2.9
302,36.1,-115.2,40.2,-111.7
302,33.3,-111.8,33.6,-111.9
302,30.6,-96.4,32.8,-97.4
302,40.1,33.0,41.0,28.8
301,31.8,-106.4,35.0,-106.6
301,26.2,-80.2,28.4,-81.3
301,36.0,-115.1,36.1,-115.2
300,38.3,-104.5,39.9,-104.6
300,25.1,-77.5,25.9,-80.3
300,37.4,-121.9,45.8,-111.2
300,43.1,6.1,49.0,2.4
300,40.0,-82.9,42.7,-83.4
299,35.2,-80.9,38.9,-77.5
299,26.1,-80.1,26.7,-80.1
299,32.9,-96.9,34.2,-118.5
299,39.1,-84.4,40.4,-79.9
299,63.2,14.5,63.8,20.3
299,41.5,-81.7,42.9,-78.7
299,38.2,-85.7,40.1,-83.1
299,30.2,-97.7,37.4,-121.9
298,32.8,-96.8,34.2,-118.5
298,29.5,-98.3,29.5,-98.3
298,32.8,-97.4,33.6,-111.9
298,37.4,-121.9,39.3,-120.2
297,20.9,-156.4,21.3,-157.9
297,29.6,-95.3,32.9,-96.8
297,41.8,-87.8,41.9,-88.2
297,40.9,-74.1,43.1,-76.1
297,26.2,-81.8,39.1,-84.4
296,25.9,-80.3,26.1,-81.8
296,-37.7,144.9,-36.2,144.8
296,-25.4,-49.2,-23.6,-46.7
296,34.0,-84.0,36.1,-79.9
296,25.9,-80.3,32.1,-81.2
296,43.7,-79.6,51.1,-114.0
296,41.3,2.1,43.7,7.2
295,33.6,-111.9,43.6,-116.2
295,35.4,-82.5,35.9,-78.8
294,33.1,-117.3,37.7,-122.2
294,33.9,-118.4,37.7,-122.2
294,25.9,-80.3,29.6,-95.3
294,41.8,12.6,49.0,2.4
294,45.4,9.3,47.5,8.6
294,35.4,-82.5,36.1,-86.7
294,36.8,-119.7,37.7,-122.2
293,51.3,6.8,52.4,13.5
293,61.4,23.6,62.4,25.7
293,36.1,-86.7,41.1,-73.7
292,26.4,-80.1,27.2,-80.2
292,27.8,-97.5,29.5,-98.5
292,36.0,-115.1,39.6,-104.9
292,33.6,-111.9,37.7,-122.2
292,26.2,-81.8,40.9,-74.1
292,39.7,-75.6,40.9,-74.1
292,36.2,-115.2,40.8,-112.0
291,39.8,-104.6,45.8,-108.5
290,-26.2,28.2,-25.9,27.9
290,42.4,-71.0,43.7,-79.6
290,33.7,-117.9,45.8,-111.2
290,32.0,-102.2,32.8,-97.4
290,36.2,-115.2,39.5,-119.8
290,33.0,-96.8,33.6,-111.9
290,43.6,-116.2,46.4,-117.0
290,40.9,-74.1,42.3,-71.9
289,35.0,-90.0,36.1,-86.7
289,40.8,-112.0,41.8,-111.8
289,34.3,-77.9,36.1,-79.9
289,29.7,-95.3,32.9,-96.9
288,28.5,-81.3,35.2,-80.9
288,26.7,-80.1,40.0,-82.9
288,30.2,-97.7,31.8,-106.4
288,33.6,-111.9,45.8,-111.2
288,32.7,-117.2,33.1,-117.3
288,32.8,-96.8,34.7,-92.2
288,33.9,-84.3,33.9,-81.1
288,37.6,-122.4,40.5,-122.3
288,43.9,-92.5,46.9,-96.8
288,27.4,-82.6,27.9,-82.7
288,39.6,-104.9,44.0,-103.1
287,37.5,-77.3,40.8,-74.1
287,25.3,-80.3,26.7,-80.1
287,43.2,-79.9,43.7,-79.6
287,26.2,-80.2,40.8,-74.1
287,30.4,-84.4,30.5,-87.2
287,1.4,103.9,3.1,101.6
287,41.0,-72.3,41.1,-73.7
286,41.1,-73.7,43.6,-70.3
286,37.2,-107.7,39.6,-104.9
286,40.5,-80.2,41.1,-73.7
286,33.9,-84.3,39.1,-84.4
286,26.4,-80.1,28.5,-81.3
286,35.8,-84.0,40.9,-74.1
286,33.6,-86.8,35.8,-84.0
285,53.0,-0.5,53.2,-0.5
285,38.2,-122.3,47.5,-122.3
285,41.7,-70.3,42.5,-71.3
285,44.1,-121.2,45.2,-122.8
285,40.5,-3.6,49.0,2.4
285,38.9,1.4,43.7,7.2
285,36.1,-86.7,39.1,-84.4
285,33.6,-111.9,39.9,-105.1
284,36.1,-86.7,38.0,-84.6
284,41.3,2.1,46.2,6.1
284,36.1,-79.5,38.9,-77.5
284,40.9,-74.1,43.6,-72.3
284,26.2,-81.8,28.4,-81.3
284,32.7,-117.2,40.8,-112.0
284,40.5,-3.6,51.3,-0.8
284,39.7,-86.3,40.9,-74.1
283,36.1,-79.5,37.5,-77.3
283,39.2,-76.7,42.5,-71.3
283,32.9,-80.0,40.9,-74.1
283,42.6,-89.0,43.1,-89.3
283,37.4,-5.9,40.5,-3.6
283,36.0,-79.5,39.0,-77.5
283,36.1,-79.9,38.7,-77.5
283,29.6,-95.3,30.0,-90.3
283,25.9,-80.3,30.2,-97.7
283,37.3,-80.0,38.7,-77.5
282,36.3,-97.9,36.4,-97.8
282,41.3,-70.1,42.4,-71.0
282,40.8,-74.4,42.4,-71.0
282,25.8,-80.3,26.1,-80.2
281,41.1,-73.7,44.5,-73.2
281,36.7,-4.5,46.2,6.1
281,26.7,-80.1,40.8,-73.9
280,-43.5,172.5,-41.5,174.1
280,41.8,-87.7,42.1,-87.9
280,33.8,-118.1,34.2,-118.5
279,40.4,-79.9,40.8,-74.1
279,38.9,-77.4,39.2,-76.7
279,33.6,-111.9,39.1,-94.6
279,40.8,-73.1,41.1,-73.7
279,42.2,-83.3,42.7,-83.4
279,40.0,-82.9,41.6,-83.8
279,-27.4,153.1,-23.9,151.2
279,32.8,-96.8,40.9,-74.1
279,38.9,1.4,45.4,9.3
278,33.5,-111.7,37.0,-113.5
278,33.7,-117.9,40.2,-111.7
278,34.2,-118.5,39.9,-105.1
278,46.9,-96.8,47.5,-94.9
278,29.6,-95.3,34.2,-118.5
278,40.8,-74.1,41.7,-70.3
278,29.6,-95.3,36.1,-86.7
278,32.9,-96.9,33.6,-111.9
278,30.4,-85.8,34.7,-92.2
277,38.7,-90.6,39.8,-82.9
277,28.4,-81.3,40.9,-74.1
277,29.6,-95.3,40.8,-74.1
277,40.8,-112.0,43.5,-114.3
277,47.5,8.6,51.9,-0.4
277,-23.6,-46.7,-23.4,-47.2
277,36.1,-79.5,39.2,-76.7
277,39.1,-94.6,41.8,-87.8
276,45.7,4.9,49.0,2.4
276,43.4,-99.8,43.6,-96.7
276,38.0,-84.6,38.4,-85.7
276,26.4,-80.1,42.7,-83.4
276,33.6,-116.2,39.6,-104.9
276,33.6,-116.2,37.4,-121.9
275,37.6,-122.4,38.2,-122.3
275,26.3,-97.6,27.8,-97.5
275,26.6,-81.9,26.7,-80.1
275,26.7,-80.1,33.8,-84.5
275,40.5,-3.5,41.3,2.1
275,25.9,-80.3,40.8,-74.4
275,-23.8,133.8,-23.8,133.9
274,37.0,-113.5,40.2,-111.7
274,40.2,-74.1,40.9,-74.1
274,27.4,-82.6,33.9,-84.3
274,42.4,-71.0,43.1,-70.8
274,51.9,0.2,54.7,-6.2
274,44.5,-79.6,48.4,-89.3
274,51.6,-0.4,51.9,-0.4
273,-34.0,151.2,-27.4,153.1
273,26.2,-81.8,42.5,-71.3
273,40.1,-80.3,40.4,-79.9
273,22.3,113.9,22.3,113.9
273,26.7,-80.1,39.2,-76.7
273,26.5,-81.8,26.7,-80.1
272,40.8,-74.1,43.1,-70.8
272,32.9,-96.9,39.1,-94.6
272,39.9,-105.1,40.8,-112.0
272,33.6,-116.2,36.0,-115.1
272,-35.3,149.2,-34.0,151.2
272,36.7,-4.5,51.3,0.0
272,13.0,77.7,13.0,80.2
272,26.7,-80.1,40.5,-80.2
272,33.6,-111.9,38.8,-104.7
272,41.1,-73.7,41.7,-71.4
272,43.6,7.2,51.9,-0.4
272,34.7,-92.2,36.1,-86.7
271,25.3,-80.3,25.6,-80.4
271,25.9,-97.4,33.9,-118.3
271,33.1,-117.3,37.6,-122.4
271,26.2,-80.2,27.2,-80.2
271,34.1,-117.6,36.1,-115.2
271,19.3,-81.4,26.7,-80.1
271,32.8,-96.8,39.1,-94.6
271,20.9,-156.4,34.2,-118.5
271,33.4,-112.0,36.1,-115.1
270,41.8,-87.8,44.9,-93.2
270,32.9,-96.9,33.0,-96.8
270,30.0,-90.0,30.5,-90.4
270,39.6,-104.9,44.9,-93.2
269,58.9,5.6,60.3,5.2
269,28.0,-82.5,28.4,-81.3
269,30.2,-97.7,40.8,-74.1
269,-33.9,151.0,-27.6,153.0
269,51.9,-0.4,51.9,0.2
269,26.7,-80.1,42.9,-78.7
269,51.3,-0.8,51.6,-0.4
268,42.1,-87.9,44.7,-85.6
268,40.9,14.3,41.8,12.6
268,36.1,-79.5,40.8,-74.4
268,47.3,-122.6,47.5,-122.3
268,26.7,-80.1,40.3,-74.8
268,33.9,-118.3,37.5,-122.2
267,33.1,-117.3,39.5,-119.8
267,43.8,11.2,45.4,9.3
267,27.9,-82.7,28.5,-81.3
267,43.7,7.2,52.3,4.8
267,26.4,-80.1,27.4,-82.6
267,-37.7,144.9,-36.4,145.4
267,36.7,-4.5,51.9,-0.4
267,28.0,-82.5,35.4,-82.5
266,38.9,-77.4,40.8,-74.4
266,31.9,-102.4,33.0,-96.8
266,31.9,-102.2,32.8,-96.8
266,51.3,0.0,53.4,-6.3
266,26.1,-80.2,28.5,-81.3
265,37.4,-121.9,38.5,-122.8
265,33.6,-111.9,45.6,-122.6
265,-33.9,151.0,-31.4,152.9
265,34.2,-118.5,36.2,-115.2
264,29.6,-95.3,39.3,-106.9
264,30.5,-87.2,34.0,-84.0
264,38.8,-94.7,44.3,-88.5
264,32.8,-96.9,39.1,-94.6
263,40.5,-111.4,40.8,-112.0
262,36.1,-86.7,42.1,-87.9
262,30.9,-83.9,33.9,-84.3
262,27.2,-80.2,28.5,-81.3
262,-34.0,151.2,-28.2,153.5
262,41.8,-87.8,42.5,-71.3
262,35.8,-84.0,35.9,-78.8
262,36.7,-4.5,37.0,-8.0
262,39.0,-77.5,40.8,-74.4
262,33.7,-117.9,37.7,-121.8
262,41.3,2.1,49.0,2.4
262,26.2,-80.2,41.1,-73.7
262,26.2,-81.8,42.7,-83.4
261,-35.0,138.5,-34.6,135.9
261,42.5,-71.3,43.7,-79.6
261,-34.9,138.5,-34.0,137.7
261,39.1,-84.4,39.7,-86.3
260,43.7,-79.6,49.2,-123.2
260,41.1,-73.7,42.7,-83.4
260,33.9,-84.3,35.0,-85.2
259,27.9,-82.7,33.9,-84.3
259,-32.1,115.9,-31.9,116.0
259,32.9,-80.0,33.9,-81.1
259,45.8,-108.5,46.9,-114.1
259,35.2,-80.9,40.8,-74.4
259,33.4,-82.0,33.9,-84.3
259,40.0,-82.9,40.4,-79.9
259,26.7,-80.1,38.2,-85.7
259,-34.9,138.5,-23.8,133.9
258,42.1,-87.9,42.6,-89.0
258,35.2,-80.9,36.1,-86.7
258,33.6,-111.9,47.8,-116.8
258,18.3,-65.5,18.4,-66.0
258,47.5,8.6,51.3,0.0
258,34.2,-118.4,40.8,-112.0
257,25.0,-77.5,25.8,-80.3
257,40.8,-72.6,42.5,-71.3
257,35.9,-78.8,39.9,-75.2
257,32.3,-90.1,34.0,-84.0
257,33.6,-111.9,36.2,-115.2
257,26.1,-81.8,28.0,-82.5
257,33.9,-118.4,34.2,-118.4
256,35.9,-78.8,40.4,-76.0
256,25.9,-80.3,36.1,-86.7
256,39.6,-104.9,42.1,-87.9
256,26.1,-80.2,33.9,-84.3
256,26.7,-80.1,32.8,-96.8
256,33.7,-117.9,38.0,-122.1
256,36.1,-115.2,40.8,-74.1
256,33.4,-112.0,33.9,-118.4
256,29.6,-95.3,33.6,-111.9
256,30.5,-81.7,40.9,-74.1
255,40.8,-74.1,41.8,-87.7
255,39.7,-86.3,40.0,-82.9
255,30.3,-81.5,33.9,-84.3
255,30.2,-97.7,33.7,-117.9
255,40.8,-74.1,43.7,-79.7
255,25.8,-100.1,29.5,-98.5
255,33.9,-84.3,35.4,-82.5
255,-34.6,-58.4,-34.4,-58.6
255,30.2,-97.7,32.0,-102.1
255,41.4,-70.6,43.1,-70.8
255,43.8,11.2,46.2,6.1
254,40.9,-74.1,44.9,-93.2
254,36.6,-121.8,37.7,-122.2
254,-33.9,151.0,-30.3,153.1
254,61.2,-150.0,64.8,-147.8
254,33.7,-117.9,34.0,-117.6
254,30.1,-95.6,30.2,-97.7
254,25.9,-80.3,25.9,-80.3
253,21.8,-72.3,40.9,-74.1
253,37.7,-122.2,39.6,-104.9
253,24.9,55.2,25.3,51.6
253,34.2,-118.4,40.9,-74.1
253,32.1,-81.2,40.9,-74.1
253,36.0,-79.5,38.4,-81.6
253,28.0,-82.3,28.4,-81.3
252,30.2,-97.7,30.6,-96.4
252,36.1,-115.2,43.6,-110.7
252,40.9,-74.1,41.4,-81.9
252,45.8,3.2,49.0,2.4
252,36.1,-86.7,40.0,-82.9
252,40.8,-112.0,40.9,-74.1
252,43.6,-110.7,47.5,-122.3
252,29.6,-95.7,33.0,-96.8
251,25.9,-80.3,42.7,-83.4
251,40.8,-74.1,41.5,-74.1
251,33.3,-111.8,34.3,-110.0
251,49.7,18.1,50.1,14.3
251,33.8,-118.1,36.1,-115.2
251,39.9,-75.2,42.9,-78.7
251,40.8,-73.9,41.1,-73.7
251,26.1,-80.2,26.4,-80.1
251,39.1,-84.4,41.1,-73.7
251,49.0,2.4,50.9,4.5
250,26.2,-80.2,36.1,-86.7
250,35.2,-120.6,36.3,-119.4
250,34.3,-77.9,35.2,-80.9
250,30.5,-81.7,36.1,-86.7
250,-33.9,147.4,-33.9,151.0
250,36.1,-115.2,36.8,-119.7
250,37.7,-122.2,38.5,-122.8
250,34.0,-84.0,37.3,-80.0
250,-33.9,151.0,-31.1,150.8
250,38.2,-122.3,39.5,-119.8
250,26.4,-80.1,42.5,-71.3
249,36.7,-4.5,41.3,2.1
249,46.4,-117.0,47.7,-117.3
249,49.9,-97.2,50.4,-104.7
249,13.0,80.2,28.5,77.1
249,43.5,7.0,52.3,4.8
249,42.3,-83.0,43.7,-79.6
249,26.1,-81.8,42.1,-87.9
249,32.7,-114.6,33.6,-111.9
249,31.8,-106.4,33.6,-111.9
249,26.7,-80.1,40.2,-74.1
249,25.9,-80.3,36.1,-115.2
249,30.3,-81.5,34.0,-84.0
248,28.4,-81.3,33.9,-84.3
248,48.4,11.8,51.3,6.8
248,33.5,-111.7,39.5,-119.8
248,49.0,2.4,49.6,6.2
248,40.0,-88.3,41.8,-87.8
248,36.7,-4.5,43.7,7.2
248,29.6,-95.3,34.7,-92.2
248,29.6,-95.3,32.0,-102.1
248,26.2,-80.2,28.0,-82.3
248,-26.1,28.2,-25.9,27.9
248,29.6,-95.3,30.1,-95.6
248,32.1,-110.9,33.3,-111.7
247,41.8,-87.8,42.9,-85.5
247,37.2,-107.7,38.8,-104.7
247,35.0,-106.6,35.5,-108.7
247,42.1,-87.9,42.9,-85.5
247,29.5,-98.5,32.9,-96.8
247,49.9,-97.2,54.0,-101.1
247,34.2,-118.4,39.6,-104.9
247,33.1,-117.3,34.2,-118.4
247,34.2,-118.5,47.8,-116.8
247,35.8,-84.0,36.1,-79.9
247,29.6,-95.3,30.2,-92.0
246,36.1,-115.1,39.6,-104.9
246,32.9,-96.9,39.6,-104.9
246,24.9,55.2,41.0,28.8
246,33.1,-117.3,38.5,-122.8
246,29.5,-98.5,30.1,-95.6
246,42.2,-76.8,43.1,-76.1
246,26.1,-81.8,26.4,-80.1
246,29.5,-98.5,33.7,-101.8
245,19.7,-156.0,21.3,-157.9
245,42.5,-71.3,45.3,-65.9
245,29.6,-95.3,35.4,-97.6
245,-38.0,145.1,-37.7,144.9
245,34.2,-118.5,36.1,-86.7
245,32.1,-110.9,36.1,-115.2
245,50.8,-1.8,54.5,-1.4
245,51.3,6.8,53.6,10.0
245,40.7,-74.2,40.9,-74.1
244,26.7,-80.1,45.5,-73.7
244,25.8,-80.3,27.9,-82.7
244,30.4,-86.5,30.5,-87.2
244,4.7,-74.2,6.2,-75.4
244,-39.5,176.9,-39.1,177.4
244,33.8,-116.5,40.8,-112.0
244,25.8,-100.3,25.9,-97.4
244,-34.0,151.2,-32.2,148.6
244,-41.3,174.8,-40.3,175.6
244,-34.9,-55.1,-34.6,-58.4
244,-23.6,-46.7,-23.0,-43.4
244,28.5,-81.3,32.1,-81.2
243,29.6,-95.7,30.1,-95.6
243,30.2,-97.7,36.1,-86.7
243,39.1,-84.4,40.4,-76.0
243,26.2,-81.8,28.5,-81.3
242,33.9,-118.4,47.5,-122.3
242,29.7,-82.3,30.3,-81.5
242,43.1,-102.6,44.0,-103.1
242,42.4,-122.9,45.2,-122.8
242,36.1,-115.2,49.2,-123.2
242,33.7,-117.9,36.2,-115.2
242,24.4,54.5,24.9,55.2
242,35.9,-78.8,38.9,-77.4
242,32.7,-117.2,34.4,-119.8
242,40.8,-74.1,41.7,-71.4
242,40.2,-74.1,41.1,-73.7
241,38.9,-77.4,39.9,-75.2
241,32.9,-80.0,41.1,-73.7
241,-23.6,-46.7,-21.1,-47.8
241,25.8,-80.3,27.4,-82.6
241,26.1,-80.2,26.2,-81.8
241,32.9,-97.1,35.0,-106.6
241,41.8,-87.8,42.4,-87.9
240,-37.7,144.9,-28.2,153.5
240,37.4,-121.9,45.6,-122.6
240,36.1,-86.7,36.5,-82.4
240,29.6,-95.3,36.1,-115.2
240,43.7,-79.6,46.8,-71.4
240,37.6,-122.4,45.8,-111.2
239,33.0,-96.8,36.2,-95.9
239,-22.9,-43.2,-15.9,-47.9
239,28.0,-82.5,41.1,-73.7
239,26.7,-80.1,35.8,-84.0
239,38.1,-78.5,40.9,-74.1
239,-35.2,147.5,-33.9,151.2
239,45.2,-122.8,47.5,-122.3
239,40.8,-74.1,41.3,-70.1
239,25.9,-80.3,33.8,-84.5
239,38.9,-77.4,39.3,-76.4
239,35.9,-78.8,38.9,-77.5
239,43.1,-78.9,43.1,-77.7
239,43.6,-96.7,44.9,-97.2
238,37.3,-80.0,37.5,-77.3
238,44.9,-63.5,45.5,-73.7
238,26.7,-80.1,32.9,-96.9
238,26.1,-80.2,27.4,-82.6
238,51.9,0.2,53.4,-6.3
238,33.6,-111.9,40.2,-111.7
237,35.1,-90.0,36.1,-86.7
237,32.7,-80.0,35.2,-80.9
237,32.8,-96.8,33.0,-96.8
237,41.8,-87.7,42.7,-83.4
237,51.3,-0.8,51.8,-1.3
237,34.2,-118.4,36.6,-121.8
236,26.7,-80.1,33.4,-82.0
236,26.2,-80.2,43.7,-79.6
236,13.9,100.6,18.8,99.0
236,33.6,-111.9,40.9,-74.1
236,40.9,-74.1,47.5,-122.3
236,25.9,-80.3,38.9,-77.4
236,43.2,-79.9,45.5,-73.7
236,34.2,-118.5,43.5,-114.3
236,27.2,-80.2,40.8,-74.1
236,38.5,-122.8,47.5,-122.3
236,26.4,-80.1,42.1,-87.9
236,53.3,-2.9,54.1,-4.6
236,21.3,-157.9,34.2,-118.5
236,33.7,-117.9,43.6,-116.2
236,33.9,-118.4,36.1,-115.1
235,26.9,-82.0,27.9,-82.7
235,41.1,-73.7,43.6,-110.7
235,37.1,-88.8,38.2,-85.7
235,50.9,7.1,53.6,10.0
235,28.0,-82.5,29.6,-95.3
235,30.5,-91.1,33.6,-86.8
235,26.1,-80.2,27.9,-82.7
234,25.8,-80.3,28.5,-81.3
234,33.1,-117.3,34.4,-119.8
234,37.9,23.9,40.5,23.0
234,32.7,-117.2,37.7,-122.2
234,-27.7,-48.5,-23.6,-46.7
234,28.0,-82.5,30.4,-84.4
234,38.9,-77.5,42.5,-71.3
234,20.5,-103.3,25.9,-100.2
234,37.1,-107.8,39.6,-104.9
234,33.9,-84.3,34.3,-84.4
234,-34.9,150.5,-32.8,151.8
234,34.6,-118.1,34.9,-117.9
234,27.8,-82.6,28.0,-82.5
234,33.0,-96.8,39.6,-104.9
234,38.8,-94.7,39.1,-94.6
234,33.6,-111.9,39.5,-119.8
234,30.2,-97.7,40.8,-112.0
233,40.7,-75.4,40.9,-74.1
233,40.3,-74.8,42.4,-71.0
233,21.8,-72.3,25.8,-80.3
233,19.3,-81.4,25.9,-80.3
233,33.1,-117.3,39.6,-104.9
233,41.1,-73.7,43.6,-71.4
233,41.3,-70.0,42.4,-71.0
233,29.6,-95.3,31.8,-106.4
233,19.1,72.8,28.5,77.1
233,43.7,-79.7,45.3,-75.7
232,26.4,-80.1,36.1,-86.7
232,35.2,-80.9,39.1,-84.4
232,45.4,9.3,45.5,12.3
232,39.8,-104.7,42.8,-103.1
232,39.6,-79.9,40.3,-79.4
232,37.7,-122.2,38.2,-122.3
232,47.5,9.6,49.1,9.8
232,46.6,-120.5,47.4,-120.2
232,53.3,-113.6,54.8,-112.1
232,34.0,-118.4,37.6,-122.4
231,55.9,-4.4,58.2,-6.3
231,43.9,-92.5,44.9,-93.1
231,31.9,-102.2,33.0,-96.8
231,37.3,27.6,41.0,28.8
231,26.2,-81.8,26.5,-81.8
231,34.2,-118.5,45.6,-122.6
231,32.4,-64.7,40.9,-74.1
231,28.0,-82.5,36.1,-86.7
231,33.9,-84.3,38.9,-77.4
231,49.2,-123.2,56.2,-120.7
231,12.2,-69.0,12.5,-70.0
231,33.6,-111.9,34.6,-114.4
231,49.1,9.8,52.4,13.5
231,34.0,-117.6,36.0,-115.1
230,33.7,-117.9,43.6,-110.7
230,45.7,5.9,49.0,2.4
230,26.1,-81.8,41.1,-73.7
230,33.9,-118.4,39.6,-104.9
230,32.8,-96.8,39.6,-104.9
230,32.1,-81.2,41.1,-73.7
230,40.4,-76.0,40.8,-74.1
230,61.4,23.6,63.0,27.8
230,28.0,-82.5,40.8,-74.1
229,43.6,-96.7,45.4,-98.4
229,43.6,-79.4,45.5,-73.7
229,32.9,-96.9,33.7,-117.9
229,33.6,-111.9,44.9,-93.1
229,33.7,-117.9,34.2,-119.1
229,38.8,-104.7,39.1,-108.5
229,33.8,-116.5,53.3,-113.6
229,55.9,-4.4,57.2,-2.2
228,30.4,-86.5,36.1,-86.7
228,36.2,-86.9,36.4,-86.4
228,35.8,-84.0,40.8,-74.1
228,33.9,-118.4,36.0,-115.1
228,33.6,-111.9,39.5,-107.7
228,37.7,-122.2,40.9,-74.1
228,32.7,-97.1,33.0,-96.8
228,26.1,-80.1,40.9,-74.1
228,34.4,-119.8,36.8,-119.7
228,-35.3,149.2,-33.9,151.2
228,31.9,-102.2,32.9,-96.9
228,37.7,-97.2,39.1,-94.6
227,37.4,-121.9,40.8,-74.1
227,32.8,-96.8,35.5,-97.6
227,36.9,-76.2,40.8,-74.1
227,-43.5,172.5,-41.5,173.9
227,19.3,-81.4,25.8,-80.3
227,35.9,-78.8,42.5,-71.3
227,36.1,-86.7,36.2,-86.9
227,25.9,-80.3,27.7,-80.4
227,25.9,-97.4,27.8,-97.5
227,30.5,-81.7,32.1,-81.2
227,33.8,-84.5,40.8,-74.1
227,41.8,-87.8,42.2,-83.5
226,49.2,-2.2,51.0,-1.4
226,26.7,-80.1,30.4,-86.5
226,30.2,-97.7,33.7,-101.8
226,26.2,-81.8,27.9,-82.7
226,49.4,-2.6,51.3,0.0
226,38.9,1.4,39.6,2.7
226,33.9,-84.3,40.0,-82.9
226,41.1,-73.7,45.8,-111.2
226,19.1,72.9,23.1,72.6
226,43.6,-116.2,47.8,-116.8
226,26.7,-80.1,33.6,-86.8
226,37.6,-122.4,38.7,-121.4
225,40.8,-74.1,43.1,-76.1
225,27.2,-80.2,40.8,-74.4
225,21.8,-72.3,26.1,-80.2
225,51.1,-114.0,55.2,-118.9
225,40.7,-73.4,40.8,-72.6
225,32.9,-80.1,33.9,-84.3
225,34.3,-77.9,40.9,-74.1
225,49.2,-123.2,53.0,-122.5
224,33.1,-117.3,33.6,-116.2
224,33.6,-111.9,38.0,-107.9
224,44.5,11.3,45.4,9.3
224,34.0,-118.4,37.4,-121.9
224,49.2,-2.2,49.4,-2.6
224,32.9,-96.9,40.9,-74.1
224,27.9,-82.7,35.4,-82.5
224,40.8,-74.4,40.8,-73.9
224,36.1,-79.9,40.4,-79.9
224,-12.4,130.9,-11.9,130.7
224,29.5,-98.5,31.9,-102.2
224,30.5,-91.2,33.6,-86.8
223,34.2,-118.4,36.0,-115.1
223,38.9,-77.5,40.8,-74.4
223,29.2,-99.7,29.5,-98.5
223,41.1,-73.7,41.2,-73.1
223,25.9,-80.3,26.1,-80.1
223,26.7,-80.1,35.4,-82.5
223,26.7,-80.1,34.3,-77.9
223,30.4,-85.8,33.6,-86.7
223,31.2,-81.4,33.8,-84.5
223,27.8,-97.5,29.6,-95.3
223,40.4,-79.9,41.1,-73.7
223,32.8,-96.8,36.1,-86.7
222,40.9,9.5,43.7,7.2
222,48.1,7.4,48.1,7.4
222,38.1,-78.5,40.8,-74.1
222,35.2,-80.9,38.9,-77.4
222,26.4,-80.1,28.4,-81.3
222,32.3,-106.9,36.7,-108.2
222,19.2,-99.5,25.9,-100.2
222,50.0,8.6,52.4,13.5
222,32.4,-99.7,32.8,-97.4
222,40.8,-112.0,45.6,-122.6
221,32.7,-80.0,32.9,-80.0
221,51.3,0.0,52.0,4.4
221,30.2,-97.7,43.6,-110.7
221,39.1,-84.4,42.1,-87.9
221,18.5,-66.0,25.9,-80.3
221,41.1,-73.7,42.7,-73.8
221,33.6,-111.9,38.2,-122.3
221,43.6,7.2,49.0,2.5
221,-17.2,145.9,-16.9,145.8
221,34.2,-119.1,37.4,-121.9
221,52.2,-106.7,53.2,-105.6
221,21.8,-72.3,41.1,-73.7
221,40.9,-74.1,41.3,-95.9
220,30.2,-92.0,30.4,-86.5
220,-33.4,149.1,-32.2,148.6
220,41.8,12.6,45.5,12.3
220,43.5,7.0,49.0,2.5
220,32.7,-114.6,36.6,-121.8
220,-34.9,138.5,-12.4,130.9
220,-43.5,172.5,-41.3,174.8
219,38.9,1.4,52.3,4.8
219,48.1,11.3,52.4,13.5
219,-16.6,-49.2,-15.9,-47.9
219,36.7,-4.5,38.9,1.4
219,26.1,-80.2,41.1,-73.7
219,33.9,-84.3,33.9,-83.3
219,32.9,-80.0,40.8,-74.1
219,30.4,-85.8,33.6,-86.8
219,49.9,-97.2,52.2,-106.7
219,44.8,20.3,45.4,9.3
219,-27.4,153.1,-25.1,152.4
219,43.6,7.2,45.4,9.3
219,38.7,-121.4,39.5,-119.8
219,46.8,-100.7,46.9,-96.8
219,-34.9,117.8,-32.1,115.9
219,33.9,-84.3,34.3,-77.9
218,34.7,-92.2,36.4,-94.1
218,50.4,-104.7,51.1,-114.0
218,49.0,2.5,52.3,4.8
218,39.2,-76.7,42.4,-71.0
218,25.9,-80.3,41.6,-87.4
218,24.9,55.2,25.2,55.4
218,-37.7,144.9,-35.5,143.6
218,40.9,-74.1,41.5,-93.7
218,50.9,4.5,51.3,-0.8
217,33.9,-84.3,40.8,-74.4
217,48.1,16.6,50.1,14.3
217,28.0,-82.5,30.4,-84.3
217,25.8,-100.3,29.5,-98.5
217,29.6,-95.7,32.0,-102.2
217,39.9,-75.2,40.4,-79.9
217,-38.1,147.0,-37.7,144.9
217,33.4,-84.6,33.9,-84.3
217,52.4,13.5,53.6,10.0
217,-35.3,149.2,-33.9,151.0
216,36.7,-6.1,40.5,-3.6
216,43.7,7.2,51.6,-0.4
216,26.7,-80.1,27.4,-82.5
216,36.4,-97.9,36.4,-97.8
216,39.6,-104.9,40.8,-74.1
216,49.4,-2.6,51.3,-0.8
216,47.5,8.6,52.4,13.5
216,35.0,-106.6,36.5,-105.7
216,39.3,-106.9,42.1,-87.9
216,41.8,-87.8,43.7,-79.6
215,18.0,-63.1,25.9,-80.3
215,14.6,-90.5,14.6,-90.5
215,29.5,-98.5,30.6,-96.4
215,27.2,-80.2,36.1,-86.7
215,43.1,6.2,49.0,2.4
215,25.6,-80.4,28.0,-82.5
215,-23.4,-47.2,-15.9,-47.9
215,33.7,-117.9,37.9,-121.2
215,33.6,-111.9,38.5,-122.8
215,51.9,-0.4,52.4,13.5
215,25.8,-80.3,26.1,-81.8
214,13.9,100.6,22.3,113.9
214,-37.7,140.8,-34.9,138.5
214,38.2,-122.3,38.5,-122.8
214,45.3,-75.7,45.5,-73.7
214,40.8,-73.1,40.9,-74.1
214,32.0,-102.1,33.0,-96.8
214,41.5,-81.7,42.7,-83.4
214,29.7,-95.3,32.8,-97.4
213,41.3,-95.9,43.6,-96.7
213,26.4,-80.1,27.9,-82.7
213,39.7,-86.3,41.3,-95.9
213,55.5,13.4,57.7,12.3
213,36.8,-119.7,37.7,-121.8
213,26.2,-81.8,27.7,-80.4
213,32.2,-80.7,39.1,-84.4
212,36.0,-115.1,37.4,-121.9
212,-40.2,175.4,-36.8,174.6
212,46.0,8.9,46.2,6.1
212,37.5,-77.3,38.1,-78.5
212,32.7,-80.0,41.1,-73.7
212,37.1,-88.8,40.1,-83.1
212,33.7,-117.9,40.5,-111.4
212,38.7,-90.6,41.8,-87.8
212,40.9,9.5,41.8,12.6
212,38.7,-90.7,39.6,-104.9
212,33.8,-116.5,37.6,-122.4
211,25.8,-80.3,39.9,-75.2
211,33.6,-116.2,45.2,-122.8
211,40.8,-74.4,40.8,-72.6
211,30.0,-90.0,33.6,-86.8
211,30.4,-85.8,36.2,-86.9
211,37.5,-77.3,41.1,-73.7
211,26.2,-81.8,40.8,-74.1
211,46.2,6.1,50.1,14.3
211,28.5,-81.3,33.8,-84.5
211,33.7,-101.8,35.2,-101.7
211,32.8,-96.8,36.1,-115.2
211,40.7,-73.4,42.4,-71.0
211,38.9,-77.5,42.4,-71.0
211,30.6,-88.1,33.6,-86.8
211,34.2,-118.5,35.6,-106.1
210,18.0,-63.1,26.7,-80.1
210,32.9,-80.0,34.3,-77.9
210,19.7,-156.0,34.2,-118.5
210,43.7,7.2,47.5,8.5
210,39.6,-104.9,41.8,-87.8
210,47.5,8.6,48.1,16.6
210,34.4,-119.8,47.5,-122.3
210,36.6,-121.8,47.5,-122.3
210,-6.1,106.7,1.4,103.9
210,42.1,-87.9,44.8,-93.5
210,40.8,-73.9,42.4,-71.0
210,38.8,-94.9,39.1,-94.6
209,32.9,-96.9,36.2,-95.9
209,26.1,-81.8,33.9,-84.3
209,40.7,-74.2,40.8,-74.1
209,43.6,-96.7,43.9,-92.5
209,36.1,-115.1,40.9,-74.1
209,39.0,-77.5,41.1,-73.7
209,46.1,-118.3,47.5,-122.3
209,42.1,-87.9,42.5,-71.3
209,-41.5,174.2,-41.3,174.8
209,32.7,-117.2,38.2,-122.3
209,43.6,-116.2,47.6,-117.5
209,36.2,-95.9,39.1,-94.6
209,44.8,-0.7,46.2,6.1
209,33.4,-112.0,35.1,-111.7
209,35.8,-84.0,40.0,-82.9
209,-27.4,153.1,-19.2,146.8
208,41.1,-73.7,44.5,-73.1
208,42.4,-83.0,42.7,-83.4
208,30.4,-86.5,33.6,-86.8
208,-37.8,140.8,-34.9,138.5
208,55.5,13.4,59.4,17.9
208,39.6,-107.0,39.6,-104.9
208,49.0,2.4,52.4,13.5
208,26.4,-80.1,30.5,-81.7
208,40.5,-3.6,51.9,-0.4
208,-27.4,153.1,-25.0,152.3
208,40.0,-82.9,40.9,-81.4
208,26.2,-80.2,34.0,-84.0
208,36.9,30.8,41.0,28.8
208,25.6,-80.4,26.2,-80.2
207,26.1,-81.8,42.7,-83.4
207,42.1,-87.9,44.9,-93.2
207,33.6,-111.9,34.2,-119.1
207,35.2,-80.9,35.4,-82.5
207,38.9,-77.5,40.0,-82.9
207,40.2,-74.1,40.8,-74.1
207,42.5,-71.3,43.1,-77.7
207,35.9,-78.8,40.8,-74.4
207,32.7,-117.2,36.0,-115.1
207,26.7,-80.1,41.9,-72.7
207,29.6,-95.3,33.9,-84.3
207,25.9,-80.3,40.8,-72.6
207,33.9,-118.4,34.4,-119.8
206,26.2,-81.8,36.1,-86.7
206,33.9,-84.3,34.7,-92.2
206,26.2,-80.2,32.1,-81.2
206,47.5,8.6,49.0,2.5
206,26.4,-80.1,43.7,-79.6
206,42.4,-71.0,44.9,-74.9
206,52.2,21.0,54.4,18.5
206,-25.5,-49.2,-23.4,-46.5
206,46.9,-96.8,48.3,-101.3
206,32.8,-97.4,34.2,-118.5
206,49.9,-100.0,49.9,-97.2
206,34.2,-118.5,35.2,-120.6
205,36.1,-115.2,47.8,-116.8
205,31.8,-106.4,32.3,-106.9
205,47.5,-122.3,51.1,-114.0
205,26.2,-81.8,41.8,-87.8
205,42.4,-71.0,45.5,-73.7
205,29.5,-98.5,36.1,-86.7
205,32.7,-80.0,35.9,-78.8
205,43.5,7.0,51.3,-0.8
205,26.7,-80.1,40.1,-75.0
205,26.1,-81.8,40.9,-74.1
205,40.7,-75.4,41.1,-73.7
205,47.2,-119.3,47.7,-117.3
204,26.7,-80.1,32.9,-80.1
204,49.2,16.7,50.1,14.3
204,39.1,-108.5,39.1,-94.6
204,25.1,-77.5,26.2,-80.2
204,33.4,-112.0,37.4,-121.9
204,26.1,-81.8,27.4,-82.6
204,49.4,-2.6,50.9,-1.4
204,33.6,-111.9,44.8,-93.5
204,43.7,7.2,48.1,16.6
204,48.1,16.6,52.4,13.5
204,41.8,-87.7,41.9,-88.3
204,43.6,-79.4,48.4,-89.3
203,36.8,-119.7,39.5,-119.8
203,26.7,-80.1,33.6,-111.9
203,41.1,-73.7,44.4,-74.2
203,33.1,-117.3,38.2,-122.3
203,28.4,-81.3,41.1,-73.7
203,33.0,-96.8,33.4,-112.0
203,36.0,-79.5,40.1,-83.1
203,40.6,-73.8,40.9,-74.1
203,32.5,-117.0,32.6,-115.2
203,49.2,-123.2,54.4,-128.6
203,47.5,8.6,47.6,7.5
203,26.1,-81.8,39.1,-84.4
203,33.4,-112.0,33.9,-118.3
203,32.8,-96.8,33.7,-101.8
203,45.6,8.7,46.2,6.1
203,42.5,-71.3,43.6,-70.3
203,39.5,-74.6,40.9,-74.1
203,25.8,-80.3,30.5,-81.7
202,32.8,-96.8,33.7,-117.9
202,21.8,-72.3,43.7,-79.6
202,26.7,-80.1,39.1,-84.4
202,35.5,-97.6,36.4,-99.5
202,46.6,-120.6,47.5,-122.3
202,33.9,-84.3,38.0,-84.6
202,33.9,-84.3,37.5,-77.3
202,25.9,-80.3,38.9,-77.5
202,39.5,-119.8,40.5,-122.3
202,28.5,-81.3,35.4,-82.5
202,24.9,55.2,29.2,48.0
202,40.8,-74.1,43.6,-72.3
202,29.6,-95.3,35.5,-97.6
201,34.4,-119.8,36.6,-121.8
201,40.9,-74.1,49.0,2.4
201,33.0,-96.8,36.1,-115.2
201,41.0,28.8,46.2,6.1
201,31.9,-106.7,35.0,-106.6
201,25.8,-100.1,25.9,-100.2
201,33.8,-116.5,37.7,-122.2
201,41.1,-73.7,41.7,-86.3
201,48.1,16.6,48.3,11.8
201,35.8,-84.0,36.0,-86.5
201,48.2,17.2,50.1,14.2
201,36.1,-115.2,38.5,-122.8
201,35.2,-80.9,36.1,-79.9
201,28.0,-82.5,30.5,-87.2
201,42.5,-71.3,42.9,-71.4
201,37.8,-97.2,39.1,-94.6
200,32.9,-96.9,36.1,-86.7
200,28.5,-81.3,40.9,-74.1
200,30.2,-92.0,30.5,-91.2
200,32.9,-96.9,39.3,-106.9
200,53.3,7.4,60.5,22.3
200,40.9,-74.1,41.6,-81.5
200,33.6,-111.9,36.2,-95.9
200,32.9,-96.9,35.5,-97.6
200,42.5,-71.3,45.5,-73.7
200,43.6,7.2,51.3,0.0
200,61.2,-150.0,61.2,-150.0
199,35.9,-78.8,39.2,-76.7
199,60.3,24.9,62.4,25.7
199,40.8,-73.9,40.9,-74.1
199,40.1,-75.0,40.9,-74.1
199,48.7,9.2,50.1,8.3
199,26.7,-80.1,39.6,-104.9
199,30.2,-97.7,41.1,-73.7
199,41.8,-87.8,43.1,-89.3
199,40.7,-74.2,41.1,-73.7
199,40.9,-74.1,51.3,-0.8
199,-33.9,151.2,-33.4,149.1
199,34.2,-118.4,38.2,-122.3
199,-23.6,-46.7,-23.5,-47.5
199,42.5,-114.5,43.6,-116.2
199,27.8,-97.5,32.8,-96.9
198,39.1,-84.4,41.9,-88.3
198,39.3,-80.2,39.4,-80.2
198,39.3,-106.9,40.9,-74.1
198,26.7,-80.1,41.8,-87.7
198,33.7,-117.9,34.1,-117.6
198,40.6,-73.8,41.1,-73.7
198,49.0,-123.9,49.2,-123.2
198,32.8,-96.8,36.2,-95.9
198,47.8,13.0,52.4,13.5
198,39.7,-86.3,42.1,-87.9
198,41.3,2.1,51.3,-0.8
198,39.6,2.7,41.3,2.1
198,30.2,-97.7,36.4,-94.1
198,45.2,-122.8,45.6,-122.6
198,41.5,-93.7,41.6,-90.6
198,41.9,-72.7,42.4,-71.0
197,13.7,-89.1,14.6,-90.5
197,29.5,-98.5,39.6,-104.9
197,48.4,11.8,53.6,10.0
197,26.1,-81.8,42.5,-71.3
197,37.0,-8.0,51.9,-0.4
197,49.0,2.4,51.9,0.2
197,39.7,-75.6,40.4,-76.0
197,26.7,-80.1,36.1,-79.9
196,30.4,-86.5,34.7,-92.2
196,53.3,-113.6,62.5,-114.4
196,41.3,2.1,45.4,9.3
196,-33.9,151.0,-28.2,153.5
196,33.8,-116.5,34.4,-119.8
196,49.2,-123.2,49.7,-124.9
196,36.0,-79.5,39.2,-76.7
196,32.1,-81.2,36.1,-86.7
196,32.9,-96.9,33.7,-101.8
196,38.7,-90.6,42.1,-87.9
196,30.2,-97.7,33.9,-84.3
196,28.0,-82.0,28.5,-81.3
196,26.2,-81.8,43.7,-79.6
196,23.1,72.6,28.5,77.1
196,22.3,-100.9,25.9,-100.2
196,47.5,8.5,51.3,-0.8
196,46.2,6.1,48.1,16.6
195,32.1,-81.2,35.8,-84.0
195,36.1,-86.7,38.9,-77.5
195,32.8,-97.4,35.2,-101.7
195,33.7,-117.9,43.5,-114.3
195,49.2,-123.2,50.7,-120.5
195,34.2,-118.5,41.8,-87.8
195,30.0,-90.0,30.2,-92.0
195,36.1,-115.1,37.3,-120.5
195,25.9,-80.3,30.4,-84.4
195,39.7,-86.3,41.1,-73.7
195,33.7,-117.9,37.4,-122.0
195,26.7,-80.1,42.4,-87.9
195,43.6,-116.2,47.7,-117.3
195,38.9,1.4,46.2,6.1
194,43.6,-116.2,45.6,-122.6
194,40.1,-75.0,41.1,-73.7
194,39.8,-82.9,42.5,-71.3
194,29.5,-98.5,33.2,-96.6
194,39.6,-104.9,40.9,-96.8
194,38.7,-90.4,41.8,-87.8
194,37.0,-113.5,41.2,-112.0
194,45.5,12.3,46.2,6.1
194,33.6,-86.7,36.1,-86.7
194,25.0,-77.5,26.1,-80.2
194,37.0,-8.0,38.8,-9.1
194,26.2,-98.3,27.8,-97.5
194,30.9,104.4,31.0,104.3
194,34.2,-118.4,47.5,-122.3
194,38.2,-85.7,40.9,-74.1
194,46.2,6.1,46.9,7.5
193,41.2,-112.0,43.6,-116.2
193,33.1,-117.3,47.5,-122.3
193,38.9,1.4,49.0,2.4
193,30.5,-87.2,33.6,-86.8
193,-39.5,176.9,-39.1,177.3
193,49.5,11.1,55.6,12.1
193,39.0,-95.2,39.1,-94.6
193,26.7,-80.1,32.2,-80.7
193,40.8,-74.1,40.8,-73.1
193,38.2,-85.7,40.0,-82.9
193,36.0,-115.1,36.8,-119.7
193,4.7,-74.1,10.2,-75.5
193,30.1,-95.6,32.7,-96.9
193,-23.6,-46.7,-23.2,-46.9
192,32.0,-102.1,32.9,-96.9
192,33.6,-116.2,40.8,-112.0
192,25.9,-80.3,45.5,-73.7
192,37.7,-122.2,43.6,-110.7
192,47.8,13.0,48.7,9.2
192,42.1,-87.9,43.0,-88.2
192,46.2,6.1,52.4,13.5
192,34.4,-119.8,36.0,-115.1
192,-25.5,-49.2,-22.9,-43.2
192,51.3,-0.8,55.0,-1.7
191,39.9,-75.2,40.7,-75.4
191,43.7,-79.6,45.3,-65.9
191,37.6,-122.4,40.8,-74.1
191,39.0,-77.4,40.8,-74.1
191,36.7,-4.5,49.0,2.4
191,27.8,-97.5,30.2,-97.7
191,42.1,-87.9,42.4,-71.0
191,-43.5,172.5,-41.5,174.0
191,47.5,-122.3,48.6,-123.4
191,34.1,-117.6,34.2,-118.5
191,44.0,-103.1,46.9,-96.8
191,39.2,-76.7,39.9,-75.2
191,27.4,-82.6,39.1,-84.4
191,41.1,-73.7,43.1,-76.1
191,38.5,-106.9,39.6,-104.9
191,35.0,-106.6,35.1,-107.8
190,52.4,13.5,54.9,8.3
190,33.9,-84.3,41.8,-87.8
190,33.9,-118.4,36.6,-121.8
190,25.0,46.7,26.5,49.8
190,35.0,-106.6,36.1,-115.2
190,40.9,-74.1,42.9,-87.9
190,29.6,-95.3,40.8,-112.0
190,51.3,-0.8,51.9,0.2
190,37.7,-122.2,45.6,-122.6
190,41.8,-88.5,42.1,-87.9
190,34.2,-118.4,36.2,-115.2
190,42.4,-87.9,45.9,-89.7
190,38.7,-90.7,39.8,-82.9
189,25.9,-80.3,35.2,-80.9
189,35.0,-106.6,35.6,-109.1
189,25.9,-80.3,30.4,-84.3
189,19.2,-99.5,25.8,-100.1
189,39.6,-104.9,41.1,-73.7
189,37.4,-121.9,38.0,-122.1
189,46.2,6.1,51.8,-1.3
189,33.9,-84.3,34.2,-118.5
189,-27.4,153.1,-26.6,153.1
189,34.0,-118.5,36.8,-119.7
189,30.2,-97.7,36.1,-115.1
189,38.7,-90.4,40.1,-83.1
189,26.1,-81.8,26.2,-80.2
189,36.0,-115.1,40.8,-115.8
189,25.8,-80.3,36.1,-86.7
189,37.6,-122.4,39.6,-104.9
189,52.2,-106.7,55.5,-107.9
189,44.1,-123.2,47.5,-122.3
189,32.1,-81.2,35.2,-80.9
189,40.9,-74.1,42.2,-83.5
189,41.8,12.6,49.0,2.5
188,33.6,-116.2,33.9,-118.4
188,30.2,-97.7,33.9,-118.4
188,42.4,-71.0,42.9,-78.7
188,33.9,-84.3,42.1,-87.9
188,18.6,73.9,19.1,72.9
188,33.0,-96.8,33.2,-97.2
188,39.6,-104.9,39.7,-106.8
188,1.4,103.9,3.2,101.5
188,-34.0,18.6,-26.2,28.2
188,32.8,-117.1,33.6,-111.9
188,38.1,-78.5,41.1,-73.7
188,39.9,-75.2,40.3,-74.8
188,33.6,-86.8,33.8,-84.5
188,40.9,9.5,46.2,6.1
187,51.3,-0.8,52.0,4.4
187,49.0,2.4,53.4,-6.3
187,25.9,-80.3,26.6,-81.9
187,42.7,-86.1,42.9,-85.5
187,49.5,8.5,52.4,13.5
187,35.6,-88.8,36.2,-86.9
187,44.1,-77.5,45.3,-75.7
187,47.5,-122.3,48.5,-123.0
187,27.2,-80.2,27.7,-80.4
187,40.9,14.3,43.7,7.2
187,26.1,-80.2,43.7,-79.6
187,42.1,-87.9,42.9,-87.9
187,43.7,7.2,52.4,13.5
187,59.4,17.9,60.2,11.1
186,36.1,-115.2,36.2,-115.2
186,34.4,-119.8,38.2,-122.3
186,33.8,-84.5,36.1,-86.7
186,36.1,-115.2,40.8,-115.8
186,36.1,-86.7,39.6,-104.9
186,27.2,-80.2,42.5,-71.3
186,39.9,-105.1,43.6,-110.7
186,38.7,-9.4,40.5,-3.6
186,34.4,-119.8,38.5,-122.8
186,40.3,-74.8,40.8,-74.4
186,33.4,-112.0,43.6,-116.2
186,30.5,-81.7,40.8,-74.1
186,40.9,-74.1,43.6,-110.7
186,-27.4,153.1,-21.2,149.2
186,25.8,-100.3,25.9,-100.2
186,41.1,-73.7,42.2,-83.5
186,28.0,-82.5,32.1,-81.2
186,36.1,-115.2,37.4,-122.0
186,25.8,-80.3,35.2,-80.9
186,39.7,-86.3,40.8,-74.1
186,30.2,-97.7,34.7,-92.2
186,35.8,-84.0,42.1,-87.9
186,45.2,7.6,45.4,9.3
186,26.7,-80.1,41.7,-70.3
185,32.9,-96.9,40.8,-74.1
185,25.8,-80.3,41.8,-87.8
185,26.2,-81.8,40.0,-82.9
185,34.2,-119.1,37.6,-122.4
185,25.8,-80.3,42.5,-71.3
185,51.1,-114.0,52.2,-113.9
185,37.3,-108.6,39.1,-108.5
185,30.5,-81.7,39.1,-84.4
185,49.5,11.1,52.4,13.5
185,41.8,-87.8,42.0,-87.9
185,30.5,-98.4,31.9,-102.2
185,33.8,-84.5,35.8,-84.0
185,33.9,-84.3,39.9,-75.2
185,41.8,12.6,51.3,0.0
185,29.6,-95.3,35.6,-106.1
185,39.7,-75.6,40.8,-74.1
185,34.2,-118.5,49.2,-123.2
184,20.5,-103.3,20.5,-103.3
184,-34.9,138.5,-34.4,137.7
184,37.0,-113.5,40.1,-111.7
184,28.4,-81.3,40.8,-74.1
184,36.6,-121.8,39.6,-104.9
184,41.0,-124.1,41.8,-124.2
184,25.9,-80.3,39.9,-75.2
184,38.2,-122.3,39.6,-104.9
184,28.0,-82.5,30.4,-86.5
184,40.8,-112.0,40.8,-74.1
184,26.7,-80.1,30.0,-90.0
184,35.1,-90.0,39.1,-94.6
184,35.5,139.8,35.8,140.4
184,39.5,2.7,41.3,2.1
184,29.7,-82.3,30.5,-87.2
184,34.2,-118.4,34.4,-119.8
184,32.1,-110.9,39.6,-104.9
184,38.9,-77.5,41.8,-87.8
184,33.0,-96.8,33.7,-101.8
184,33.4,-112.0,35.5,-108.9
184,47.5,8.6,52.3,4.8
183,32.0,-102.1,32.8,-96.8
183,26.2,-80.2,28.3,-81.4
183,32.9,-96.9,35.6,-106.1
183,46.4,-117.0,47.5,-122.3
183,38.0,-84.6,38.2,-85.7
183,35.4,-97.6,39.6,-104.9
183,36.1,-115.2,39.5,-107.7
183,-41.5,174.1,-41.3,174.8
183,33.7,-117.9,34.6,-114.4
183,30.2,-97.7,39.3,-106.9
183,39.3,-106.9,39.9,-105.1
183,47.0,8.4,52.1,7.7
183,31.9,-102.4,32.0,-102.1
183,45.7,4.9,49.0,2.5
183,36.0,-86.5,36.1,-86.7
183,38.2,13.1,41.8,12.6
183,46.2,6.1,47.6,7.5
183,-31.9,116.0,-30.8,121.5
183,33.7,-117.9,40.9,-74.1
182,38.9,1.4,39.5,2.7
182,26.2,-81.8,35.9,-78.8
182,43.7,7.2,50.9,4.5
182,26.7,-80.1,38.0,-84.6
182,49.0,2.5,51.6,-0.4
182,42.2,-83.5,42.9,-85.5
182,29.5,-98.5,30.4,-97.6
182,32.6,-114.6,33.4,-112.0
182,41.8,-87.7,41.9,-88.2
182,37.2,-93.4,39.1,-94.6
182,32.1,-110.9,47.5,-122.3
182,34.0,-84.0,36.5,-82.4
182,47.5,8.6,47.8,13.0
182,36.1,-80.2,37.5,-77.3
182,41.5,-73.1,42.5,-71.3
181,27.2,-80.2,27.4,-82.6
181,33.9,-84.3,36.1,-79.9
181,29.6,-95.3,30.5,-91.2
181,40.8,-112.0,41.1,-73.7
181,26.1,-80.2,27.2,-80.2
181,27.4,-82.6,41.1,-73.7
181,37.1,-107.8,38.8,-104.7
181,42.7,-83.4,42.9,-87.9
181,41.1,16.8,41.8,12.6
181,33.6,-111.9,34.7,-112.4
181,25.6,-103.4,25.8,-100.1
181,36.1,-79.9,40.9,-74.1
181,51.1,-114.0,51.1,-114.0
181,47.3,11.3,48.1,16.6
181,32.7,-117.2,47.5,-122.3
181,43.2,6.5,49.0,2.4
180,32.9,-80.0,36.1,-86.7
180,40.5,-3.6,46.2,6.1
180,34.2,-118.5,35.7,-120.6
180,25.9,-80.3,40.2,-74.1
180,40.8,-74.1,44.9,-93.2
180,30.5,-81.7,35.9,-78.8
180,42.2,-85.5,42.7,-83.4
180,46.3,-119.1,47.7,-117.3
180,-35.0,137.6,-34.9,138.5
180,33.1,-117.3,34.2,-119.1
180,40.8,-112.0,47.8,-116.8
180,33.9,-84.3,35.0,-90.0
180,40.9,-81.4,40.9,-74.1
180,38.5,-107.9,39.9,-105.1
180,25.9,-97.4,29.5,-98.5
180,33.9,-84.3,42.5,-71.3
180,31.1,-81.4,33.8,-84.5
179,35.5,-97.6,39.1,-94.6
179,33.9,-84.3,38.2,-85.7
179,47.8,13.0,53.6,10.0
179,36.7,-4.5,47.5,8.6
179,18.6,-70.0,25.9,-80.3
179,38.0,-87.5,39.7,-86.3
179,38.8,-104.7,38.8,-76.9
179,18.6,73.9,28.5,77.1
179,38.9,1.4,51.3,0.0
179,47.5,8.5,49.0,2.4
178,40.0,-82.9,41.5,-81.7
178,33.6,-84.4,33.9,-84.3
178,37.4,-121.9,38.7,-121.4
178,18.3,-65.6,18.4,-66.0
178,25.3,-80.3,39.1,-84.4
178,33.9,-118.3,37.4,-121.9
178,26.1,-81.8,36.1,-86.7
178,39.1,-94.6,42.1,-87.9
178,29.6,-95.3,31.9,-102.2
178,28.3,-81.4,33.9,-84.3
178,32.7,-80.0,40.9,-74.1
178,34.7,-76.7,35.9,-78.8
178,37.6,-122.4,38.5,-122.8
178,47.5,8.5,49.0,2.5
178,49.2,-123.2,49.8,-124.5
178,32.7,-117.2,39.6,-104.9
178,28.5,-81.3,30.3,-81.5
178,26.7,-80.1,33.6,-84.4
177,29.6,-95.3,29.8,-95.9
177,31.8,-106.4,42.7,-83.4
177,26.2,-80.2,45.5,-73.7
177,41.8,-87.8,42.4,-71.0
177,49.9,-119.4,51.1,-114.0
177,32.7,-80.0,39.1,-84.4
177,34.6,-114.4,36.0,-115.1
177,26.7,-80.1,29.2,-82.2
177,45.8,3.2,49.0,2.5
177,26.7,-80.1,30.4,-85.8
177,32.8,-117.1,33.4,-112.0
177,-41.5,173.9,-41.3,174.8
177,32.8,-97.4,36.1,-115.2
177,25.9,-80.3,39.1,-84.4
177,25.8,-80.3,39.2,-76.7
176,25.6,-80.4,28.5,-81.3
176,25.9,-80.3,32.9,-80.0
176,39.7,-86.3,40.0,-86.3
176,29.7,-95.3,32.8,-96.9
176,39.5,-119.8,39.6,-104.9
176,-34.9,138.5,-34.0,137.6
176,45.4,9.3,47.5,8.5
176,45.4,9.3,51.6,-0.4
176,37.5,-122.2,39.3,-120.1
176,-33.9,151.0,-26.6,153.1
176,33.1,-117.3,33.8,-116.5
176,59.4,17.9,60.3,24.9
176,35.2,-120.6,37.4,-121.9
176,25.6,-80.4,25.9,-80.3
176,39.1,-94.6,40.9,-74.1
176,36.1,-86.7,39.9,-75.2
176,28.0,-82.3,29.7,-82.3
176,28.0,-82.3,30.4,-84.3
175,-34.9,138.5,-32.3,141.2
175,39.9,-75.2,40.5,-80.2
175,33.5,-82.0,33.9,-84.3
175,39.5,-107.7,40.8,-112.0
175,61.2,-149.9,61.2,-149.9
175,26.0,-81.7,26.7,-80.1
175,36.1,-86.7,39.1,-94.6
175,32.0,34.9,34.9,33.7
175,49.0,2.4,51.8,-1.3
175,12.7,-61.4,13.1,-59.5
174,33.4,-112.0,47.5,-122.3
174,32.1,-81.2,40.8,-74.1
174,48.4,11.8,50.9,7.1
174,39.1,-84.4,44.7,-85.6
174,39.2,-76.7,44.9,-74.8
174,25.8,-80.3,27.2,-80.2
174,33.6,-111.9,40.5,-111.4
174,33.9,-84.3,35.2,-81.0
174,50.1,14.3,51.3,0.0
174,37.4,-121.9,37.7,-122.1
174,32.8,-97.4,41.3,-95.9
174,33.9,-118.4,40.8,-74.1
174,32.3,-90.1,36.1,-86.7
174,37.0,-8.0,38.7,-9.4
174,40.7,-75.4,40.8,-74.1
174,26.7,-80.1,36.2,-86.9
173,39.1,-94.6,41.9,-88.3
173,32.8,-97.4,36.2,-95.9
173,41.1,-73.7,41.5,-71.3
173,26.7,-80.1,33.6,-86.7
173,40.9,-74.1,42.9,-85.5
173,37.7,-97.4,39.6,-104.9
173,33.7,-117.9,37.7,-122.1
173,19.1,73.0,28.5,77.1
173,29.6,-95.3,39.1,-94.6
173,33.9,-84.3,36.1,-80.2
173,27.4,-82.6,40.0,-82.9
173,37.5,-77.3,39.0,-77.5
173,37.7,-97.2,39.6,-104.9
173,40.9,-74.1,41.3,-72.9
173,30.2,-97.7,36.2,-95.9
173,33.6,-111.9,34.3,-110.0
173,38.9,1.4,51.9,-0.4
173,30.0,-90.0,34.7,-92.2
173,27.9,-15.4,28.9,-13.6
173,38.9,-77.5,39.1,-84.4
172,39.7,-75.6,39.9,-75.2
172,48.8,-122.5,49.2,-123.2
172,26.7,-80.1,39.7,-75.6
172,35.5,-97.6,39.6,-104.9
172,35.2,-80.9,39.9,-75.2
172,39.5,-107.7,40.9,-74.1
172,45.7,5.9,51.3,-0.8
172,32.4,-64.7,41.1,-73.7
172,40.8,-74.1,41.3,-70.0
172,40.0,-82.9,40.5,-80.2
172,35.2,-80.9,42.4,-71.0
172,35.8,-84.0,39.1,-84.4
172,31.7,-89.2,34.0,-84.0
172,51.3,0.0,51.8,-1.3
172,25.9,-80.3,42.1,-87.9
172,32.5,-84.9,33.9,-84.3
172,34.7,-92.2,36.3,-94.3
172,29.5,-98.5,33.6,-111.9
172,33.7,-117.9,39.3,-106.9
172,24.6,-81.8,26.7,-80.1
172,37.4,-121.9,37.7,-121.8
172,39.1,-94.6,41.9,-88.2
171,45.4,9.3,48.1,16.6
171,36.6,-121.8,40.8,-112.0
171,25.0,-77.5,28.0,-82.5
171,35.0,-90.0,36.2,-86.9
171,40.8,-74.4,41.5,-74.1
171,26.4,-80.1,27.7,-80.4
171,33.9,-118.4,38.2,-122.3
171,39.3,-103.7,39.3,-103.7
171,39.5,2.7,40.5,-3.6
171,33.6,-111.9,41.8,-87.8
171,27.7,-80.4,33.9,-84.3
171,33.7,-117.9,33.8,-118.2
171,35.2,-80.9,37.5,-77.3
171,60.3,24.9,61.4,23.6
171,30.2,-97.7,35.6,-106.1
171,33.9,-118.4,49.2,-123.2
171,25.9,-100.2,30.2,-97.7
171,36.2,-86.9,40.9,-74.1
171,34.2,-118.5,40.8,-72.6
170,43.5,7.0,51.2,4.5
170,30.5,-81.7,33.8,-84.5
170,28.0,-82.5,35.2,-80.9
170,34.3,-77.9,41.1,-73.7
170,26.7,-80.1,30.4,-84.4
170,39.3,-76.4,40.9,-74.1
170,39.8,-82.9,40.1,-75.0
170,36.6,-121.8,38.2,-122.3
170,33.7,-117.9,45.6,-122.6
170,32.8,-97.4,35.5,-97.6
170,38.5,-107.9,39.1,-108.5
170,33.6,-111.9,35.5,-97.6
170,40.0,-82.9,41.8,-87.7
170,32.7,-108.2,35.0,-106.6
170,41.0,-72.2,41.1,-73.7
170,61.2,-150.1,61.2,-150.0
170,50.4,-104.7,53.3,-113.6
170,33.8,-84.5,35.0,-85.2
170,36.0,-115.1,40.2,-111.7
170,36.7,-4.5,38.7,-9.4
170,33.6,-116.2,33.8,-116.5
170,35.2,-120.6,36.8,-119.7
169,42.5,-71.3,42.8,-71.5
169,41.8,12.6,51.9,-0.4
169,13.0,77.7,28.5,77.1
169,29.6,-95.3,33.6,-86.8
169,38.9,1.4,40.5,-3.6
169,33.6,-111.9,36.1,-86.7
169,39.5,-74.6,40.7,-73.4
169,52.3,4.8,52.4,13.5
169,42.7,-83.4,43.0,-83.7
169,34.4,-119.8,43.6,-110.7
169,29.5,-98.5,32.0,-102.1
169,26.7,-80.1,36.1,-115.2
169,30.4,-86.5,32.3,-90.1
169,47.5,-122.3,48.8,-122.5
169,67.3,14.4,69.7,18.9
169,33.8,-116.5,39.6,-104.9
169,30.2,-97.7,33.2,-96.6
168,33.0,-96.8,35.5,-97.6
168,41.1,-73.7,41.3,-72.0
168,38.9,1.4,51.3,-0.8
168,40.8,-74.1,40.8,-73.9
168,26.2,-98.2,30.2,-97.7
168,39.0,-77.5,40.8,-74.1
168,39.5,-74.6,41.1,-73.7
168,42.6,-89.0,42.9,-87.9
168,32.8,-96.8,40.8,-74.1
168,42.1,-87.9,43.9,-92.5
168,30.0,-90.3,30.5,-90.4
168,26.4,-80.1,35.9,-78.8
168,20.5,-103.3,25.8,-100.1
168,42.1,-87.9,42.2,-83.5
168,30.3,-85.8,33.9,-84.3
168,25.1,-77.5,25.8,-80.3
167,32.1,-110.9,33.9,-118.4
167,30.0,-90.0,33.9,-84.3
167,34.4,-119.8,40.8,-112.0
167,19.7,-156.0,37.4,-121.9
167,32.6,-85.4,33.6,-86.8
167,40.2,-76.8,40.9,-74.1
167,25.0,-77.5,26.4,-80.1
167,34.3,-77.9,40.8,-74.1
167,51.5,0.1,52.0,4.4
167,26.4,-80.1,42.4,-87.9
167,26.1,-81.8,40.0,-82.9
167,26.1,-81.8,28.5,-81.3
167,26.1,-81.8,41.8,-87.8
167,27.2,-80.2,28.0,-82.5
167,27.9,-82.7,40.9,-74.1
167,39.6,2.7,53.6,10.0
167,36.1,-86.7,42.5,-71.3
166,49.9,-97.2,55.8,-97.9
166,30.0,-95.4,31.9,-102.2
166,-23.4,-46.5,-19.9,-43.9
166,40.8,-74.1,41.4,-81.9
166,41.7,-71.4,42.5,-71.3
166,40.9,-74.1,41.5,-81.7
166,32.9,-97.0,32.9,-96.9
166,33.9,-81.1,35.9,-78.8
166,51.3,-0.8,52.4,13.5
166,36.2,-86.9,39.1,-84.4
166,36.1,-86.7,38.7,-90.6
166,-34.0,151.2,-30.3,153.1
166,33.9,-84.3,34.0,-81.0
166,-34.0,18.6,-26.1,28.2
166,-17.1,145.4,-16.9,145.7
166,32.8,-97.4,39.1,-94.6
166,26.7,-80.1,29.2,-81.1
166,40.9,-74.1,41.0,-72.3
166,41.1,16.8,45.4,9.3
166,25.7,-100.8,29.5,-98.5
166,33.6,-111.9,49.2,-123.2
166,43.7,7.2,48.3,11.8
166,39.5,-119.8,47.5,-122.3
166,44.1,-123.2,45.2,-122.8
165,32.8,-96.8,33.9,-84.3
165,47.5,8.5,51.3,0.0
165,40.5,-3.6,43.4,-3.8
165,40.4,-79.9,40.4,-76.0
165,-34.0,151.2,-31.1,150.8
165,29.5,-98.5,36.1,-115.2
165,46.2,6.1,48.3,11.8
165,44.8,-68.8,64.0,-22.6
165,26.1,-81.8,26.5,-81.8
165,40.1,-76.3,40.2,-76.8
165,41.8,-87.8,44.9,-93.1
165,50.3,11.9,59.4,17.9
165,18.4,-66.0,18.4,-65.9
165,43.8,11.2,49.0,2.4
165,51.1,16.9,52.2,21.0
165,-27.4,153.1,-23.9,151.3
165,-43.5,172.5,-41.5,174.2
165,34.2,-118.5,35.4,-119.0
165,37.5,-77.3,40.1,-75.0
165,37.6,-122.4,45.6,-122.6
165,33.6,-111.9,39.3,-106.9
164,45.4,10.9,46.3,16.4
164,40.9,-74.1,41.6,-71.4
164,36.5,-82.4,40.9,-81.9
164,18.4,-66.0,18.5,-66.3
164,45.6,8.7,49.0,2.4
164,47.6,7.5,49.0,2.4
164,-23.6,-46.7,-16.5,-39.1
164,36.1,-115.2,45.8,-111.2
164,27.2,-80.2,28.4,-81.3
164,25.9,-80.3,41.8,-87.8
164,49.2,-123.2,49.9,-97.2
164,26.7,-80.1,28.0,-82.0
164,33.6,-116.2,34.4,-119.8
164,25.8,-80.3,42.1,-87.9
164,36.1,-86.7,36.1,-79.9
163,45.5,12.3,49.0,2.4
163,29.6,-95.7,32.9,-96.8
163,41.1,-73.7,41.8,-87.7
163,34.4,-119.8,39.5,-119.8
163,47.4,19.2,48.1,16.6
163,32.9,-96.9,35.4,-97.6
163,41.8,-87.8,42.8,-84.6
163,32.9,-80.0,35.4,-82.5
163,44.1,-121.2,47.5,-122.3
163,38.2,-122.3,40.8,-112.0
163,35.0,-90.0,35.8,-84.0
162,32.7,-97.1,33.7,-96.7
162,37.9,23.9,46.2,6.1
162,40.9,-74.1,42.0,-87.9
162,40.2,-111.7,43.6,-116.2
162,40.7,-73.4,40.8,-74.4
162,32.8,-117.1,36.8,-119.7
162,1.4,103.9,14.5,121.0
162,33.9,-118.4,41.1,-73.7
162,28.0,-82.5,34.0,-84.6
162,22.3,113.9,35.5,139.8
162,43.7,-79.6,45.3,-75.6
162,33.9,-84.3,39.2,-76.7
162,51.9,-0.4,55.0,-1.7
162,-23.6,-46.7,-23.4,-47.1
162,-35.0,138.5,-33.2,138.0
162,36.7,-108.2,39.6,-104.9
162,27.2,-80.2,27.5,-80.4
162,51.3,-0.8,52.8,-1.3
162,44.8,20.3,46.2,6.1
162,39.9,-75.2,41.8,-87.8
162,-19.9,-43.9,-15.9,-47.9
162,30.4,-86.5,36.2,-86.9
161,33.3,-111.8,33.7,-117.9
161,46.1,-70.7,46.8,-71.4
161,41.8,12.6,43.8,11.2
161,36.4,-94.1,37.4,-121.9
161,42.0,-87.9,42.1,-87.9
161,-27.6,151.8,-27.5,151.8
161,51.6,-0.4,52.3,4.8
161,35.4,-97.6,36.2,-95.9
161,36.6,-121.8,38.5,-122.8
161,37.9,23.9,41.0,28.8
161,38.0,-84.6,40.9,-74.1
161,36.7,-4.5,45.4,9.3
161,43.1,6.1,49.0,2.5
161,41.4,-81.9,42.1,-87.9
161,30.3,-85.8,36.1,-86.7
161,26.2,-81.8,28.3,-81.4
161,39.7,-75.6,41.1,-73.7
161,26.4,-80.1,30.3,-81.5
161,35.6,139.8,35.8,140.4
161,-34.5,-58.6,-34.4,-58.6
161,51.3,0.0,51.6,-0.4
161,28.4,-81.3,28.5,-81.3
161,29.5,-98.5,30.0,-90.0
161,40.8,-74.1,47.5,-122.3
161,33.7,-117.9,38.7,-121.6
161,32.2,-80.7,35.8,-84.0
161,34.2,-118.4,39.5,-119.8
160,-19.3,146.8,-16.9,145.8
160,50.1,22.0,52.2,21.0
160,26.7,-80.1,43.7,-79.7
160,34.0,-84.6,36.1,-86.7
160,41.3,2.1,49.0,2.5
160,32.1,-110.9,36.0,-115.1
160,46.6,-80.8,48.6,-81.4
160,34.2,-118.5,40.5,-111.4
160,39.5,-74.6,42.5,-71.3
160,43.1,-89.3,44.8,-93.5
160,26.7,-80.1,29.7,-82.3
160,27.7,-80.4,40.8,-74.4
160,33.0,-96.8,34.7,-92.2
160,51.9,-0.4,53.4,-2.3
160,41.8,-87.8,42.9,-87.9
160,30.4,-85.8,35.0,-85.2
160,26.1,-81.8,27.2,-80.2
160,33.8,-118.1,37.4,-121.9
160,40.1,-75.0,40.8,-74.1
160,40.9,-74.1,44.5,-73.2
159,32.8,-97.4,33.7,-117.9
159,25.8,-80.3,38.9,-77.4
159,39.6,2.7,51.3,-0.8
159,42.5,-71.3,43.6,-72.3
159,35.8,-84.0,41.1,-73.7
159,29.6,-95.3,33.4,-112.0
159,-14.5,132.4,-12.4,130.8
159,35.9,-78.8,37.5,-77.3
159,32.1,-110.9,40.8,-112.0
159,27.7,-80.4,36.1,-86.7
159,30.0,-90.0,33.0,-96.8
159,42.4,-71.0,42.7,-83.4
159,29.7,-82.3,30.5,-81.7
159,25.1,-77.5,26.1,-80.2
159,29.5,-98.5,35.6,-106.1
159,32.9,-96.9,40.8,-112.0
159,29.6,-95.7,33.6,-111.9
159,25.8,-100.1,25.8,-100.1
159,41.3,2.1,51.9,-0.4
159,25.9,-80.3,42.4,-71.0
159,-37.7,144.9,-27.4,153.1
159,39.9,-75.2,40.2,-76.8
159,33.0,-96.8,36.1,-86.7
159,34.2,-118.5,38.0,-122.1
158,40.8,-74.1,40.9,-72.6
158,33.0,-96.8,33.7,-117.9
158,4.7,-74.1,10.9,-74.8
158,38.8,-94.9,41.3,-95.9
158,46.2,6.1,46.2,6.3
158,51.3,-0.8,57.5,-4.0
158,40.8,-74.4,41.2,-70.1
158,36.1,-86.7,42.7,-83.4
158,29.8,-95.9,33.0,-96.8
158,34.7,-92.2,40.9,-74.1
158,49.4,-2.6,51.4,-2.7
158,33.7,-117.9,36.3,-119.4
158,36.0,-115.1,37.7,-122.2
158,33.6,-111.9,34.8,-111.8
158,27.9,-82.7,36.1,-86.7
158,41.2,-70.1,43.1,-70.8
158,33.3,-111.8,33.4,-112.0
